Resp_1;Resp_2;Resp_3;Resp_4;Resp_5;Resp_6;Resp_7;Resp_8;Resp_9;Resp_10;Resp_11;Resp_12;Resp_13;Resp_14;Resp_15;Resp_16;Resp_17;Resp_18;Resp_19;Resp_20;Resp_21;Resp_22;Resp_23;Resp_24;Resp_25;Resp_26;Resp_27;Resp_28;Resp_29;Resp_30;Resp_31;Resp_32;Resp_33;Resp_34;Resp_35;Resp_36;Resp_37;Resp_38;Resp_39;Resp_40;Resp_41;Resp_42;Resp_43;Resp_44;Resp_45;Resp_46;Resp_47;Resp_48;Resp_49;Resp_50;Resp_51;Resp_52;Resp_53;Resp_54;Resp_55;Resp_56;Resp_57;Resp_58;Resp_59;Resp_60;Resp_61;Resp_62;Resp_63;Resp_64;Resp_65;Resp_66;Resp_67;Resp_68;Resp_69;Resp_70;Resp_71;Resp_72;Resp_73;Resp_74;Resp_75;Resp_76;Resp_77;Resp_78;Resp_79;Resp_80;Resp_81;Resp_82;Resp_83;Resp_84;Resp_85;Resp_86;Resp_87;Resp_88;Resp_89;Resp_90;Resp_91;Resp_92;Resp_93;Resp_94;Resp_95;Resp_96;Resp_97;Resp_98;Resp_99;Resp_100;Resp_101;Resp_102;Resp_103;Resp_104;Resp_105;Resp_106;Resp_107;Resp_108;Resp_109;Resp_110;Resp_111;Resp_112;Resp_113;Resp_114;Resp_115;Resp_116;Resp_117;Resp_118;Resp_119;Resp_120;Resp_121;Resp_122;Resp_123;Resp_124;Resp_125;Resp_126;Resp_127;Resp_128;Resp_129;Resp_130;Resp_131;Resp_132;Resp_133;Resp_134;Resp_135;Resp_136;Resp_137;Resp_138;Resp_139;Resp_140;Resp_141;Resp_142;Resp_143;Resp_144;Resp_145;Resp_146;Resp_147;Resp_148;Resp_149;Resp_150;Resp_151;Resp_152;Resp_153;Resp_154;Resp_155;Resp_156;Resp_157;Resp_158;Resp_159;Resp_160;Resp_161;Resp_162;Resp_163;Resp_164;Resp_165;Resp_166;Resp_167;Resp_168;Resp_169;Resp_170;Resp_171;Resp_172;Resp_173;Resp_174;Resp_175;Resp_176;Resp_177;Resp_178;Resp_179;Resp_180;Resp_181;Resp_182;Resp_183;Resp_184;Resp_185;Resp_186;Resp_187;Resp_188;Resp_189;Resp_190;Resp_191;Resp_192;Resp_193;Resp_194;Resp_195;Resp_196;Resp_197
fourmi;libellule;scarabee;aoutat;guepe;araignee;fourmi;araignee;cloporte;coccinelle;tarentule;papillon;sauterelle;fourmi;scarabee;cafard;bourdon;fourmi;fourmi;fourmi;cafard;scarabee;araignee;termite;fourmi;cafard;cafard;fourmi;moustique;papillon;mouche;cigale;abeille;guepe;cafard;fourmi;cafard;cloporte;tique;fourmi;fourmi;papillon;scarabee;mille_pattes;moustique;mante_religieuse;coccinelle;scarabee;araignee;mouche;fourmi;fourmi;fourmi;fourmi;coccinelle;fourmi;fourmi;papillon;coccinelle;mante_religieuse;mouche;araignee;fourmi;gendarme;papillon;papillon;araignee;mouche;fourmi;chenille;hanneton;grillon;fourmi;mante_religieuse;cloporte;moustique;cafard;mante_religieuse;coccinelle;fourmi;araignee;fourmi;mouche;araignee;ver_de_terre;abeille;fourmi;moustique;libellule;fourmi;mouche;coccinelle;mouche;cousin;araignee;puce;mante_religieuse;fourmi;fourmi;mouche;mouche;papillon;cloporte;coccinelle;mouche;ver_de_terre;mouche;araignee;coccinelle;sauterelle;fourmi;mouche;fourmi;araignee;mouche;scarabee;abeille;fourmi;abeille;coccinelle;ver_de_terre;abeille;fourmi;libellule;fourmi;mouche;fourmi;fourmi;mouche;mouche;abeille;cafard;fourmi;mouche;mouche;fourmi;cafard;fourmi;fourmi;scarabee;moustique;sauterelle;fourmi;guepe;mante_religieuse;mouche;abeille;abeille;moustique;abeille;cafard;criquet;papillon;cafard;moustique;ver_de_terre;fourmi;araignee;coccinelle;mouche;cafard;araignee;mouche;mouche;mille_pattes;fourmi;moustique;mille_pattes;mouche;coccinelle;fourmi;abeille;fourmi;cafard;libellule;abeille;ver_de_terre;sauterelle;fourmi;libellule;papillon;araignee;cafard;pou;tique;araignee;fourmi;fourmi;fourmi;punaise;fourmi;abeille;cafard;fourmi;cafard;mouche;mouche
moustique;mouche;sauterelle;hanneton;frelon;fourmi;mouche;mygale;mante_religieuse;cafard;blatte;coccinelle;fourmi;sauterelle;abeille;scarabee;abeille;guepe;guepe;sauterelle;coccinelle;chenille;moustique;criquet;termite;blatte;fourmi;abeille;fourmi;moustique;araignee;papillon;mouche;scarabee;abeille;coccinelle;tique;mouche_bleue;coccinelle;papillon;cafard;coccinelle;abeille;araignee;cafard;fourmi;criquet;fourmi;mouche;guepe;coccinelle;coleoptere;araignee;asticot;sauterelle;guepe;coccinelle;libellule;puce;punaise_de_lit;guepe;fourmi;gendarme;papillon;fourmi;araignee;papillon;moustique;moustique;mante_religieuse;mouche;cafard;scarabee;cloporte;fourmi;phalene;papillon;phasme;chenille;araignee;moucheron;abeille;criquet;guepe;scarabee;guepe;libellule;mouche;papillon;sauterelle;moustique;hanneton;cafard;mouche;mouche;ver;scarabee;araignee;mouche;blatte;moustique;sauterelle;papillon;phasme;moustique;fourmi;abeille;moustique;moustique;papillon;mouche;moustique;mouche;ver;moustique;mouche;araignee;gendarme;mouche;moustique;scarabee;moustique;cafard;sauterelle;cafard;abeille;coccinelle;coccinelle;moustique;moustique;mille_pattes;abeille;abeille;scarabee;coccinelle;cloporte;gendarme;libellule;libellule;fourmi;mouche;cafard;araignee;abeille;fourmi;guepe;fourmi;guepe;fourmi;coccinelle;gendarme;coccinelle;moustique;mouche;araignee;mille_pattes;scarabee;cafard;fourmi;moustique;abeille;limace;cigale;scarabee;pince_oreilles;araignee;araignee;araignee;abeille;fourmi;guepe;mante_religieuse;cigale;fourmi;fourmi;papillon;pince_oreilles;ver_de_terre;araignee;moustique;mouche;mille_pattes;mouche;pince_oreilles;moustique;blatte;cafard;cloporte;veuve_noire;pou;mouche;moustique;fourmi;cafard;morpion;cafard;moustique
criquet;mante_religieuse;coccinelle;scarabee;moustique;mouche;moustique;tarentule;cousin;coleoptere;mouche;abeille;araignee;punaise;guepe;blatte;mante_religieuse;abeille;abeille;mante_religieuse;sauterelle;abeille;mille_pattes;libellule;punaise;fourmi;moustique;phasme;abeille;mouche;mille_pattes;libellule;moustique;fourmi;sauterelle;abeille;abeille;pou;fourmi;abeille;papillon;abeille;mante_religieuse;sauterelle;fourmi;macrodontia_cerviconis;sauterelle;mille_pattes;moustique;frelon;mante_religieuse;abeille;mouche;cloporte;coleoptere;abeille;papillon;scarabee;coleoptere;abeille;abeille;limace;coleoptere;fourmi;mante_religieuse;abeille;abeille;fourmi;mouche;scarabee;libellule;coccinelle;coleoptere;fourmi;scarabee;araignee;scarabee;fourmi;mouche;moustique;libellule;papillon;coleoptere;moustique;cafard;frelon;papillon;araignee;cafard;chenille;guepe;cafard;araignee;araignee;moustique;araignee;gendarme;coccinelle;scarabee;cafard;sauterelle;coccinelle;abeille;sauterelle;cafard;punaise;coccinelle;guepe;papillon;grillon;moustique;abeille;abeille;papillon;libellule;cigale;fourmi;mouche;moustique;mouche;fourmi;fourmi;papillon;punaise;araignee;libellule;araignee;papillon;drosophile;abeille;fourmi;mouche;guepe;moustique;moustique;mante_religieuse;scarabee;cigale;cigale;grillon;moucheron;blatte;cafard;mouche;sauterelle;frelon;drosophile;moustique;chenille;fourmi;fourmi;mante_religieuse;mouche;abeille;cousin;moustique;coleoptere;mouche;drosophile;abeille;mouche;fourmi;fourmi;fourmi;scarabee;moucheron;cousin;papillon;moustique;scolopendre;ver;araignee;capricorne;scarabee;mouche;escargot;puce;araignee;moustique;fourmi;fourmi;coccinelle;pince_oreilles;cafard;mouche;fourmi;veuve_noire;cafard;gendarme;moustique;mouche_tse_tse;guepe;araignee;papillon;fourmi;moustique;guepe
araignee;aoutat;mouche;moustique;araignee;moucheron;cafard;araignee_loup;moustique;fourmi;mante_religieuse;fourmi;coccinelle;cafard;papillon;scorpion;moustique;cafard;mouche;scarabee;pince_oreilles;guepe;vers_de_farine;cafard;cafard;sauterelle;araignee;araignee;lezard;araignee;abeille;cafard;papillon;mante_religieuse;libellule;mante_religieuse;larve;abeille;mouche;mante_religieuse;moustique;fourmi;araignee;asticot;papillon;lucane_cerf_volant;fourmi;cafard;abeille;araignee;scarabee;mouche;gendarme;punaise;scarabee;frelon;mite;gendarme;mante_religieuse;guepe;libellule;mille_pattes;mille_pattes;sauterelle;araignee;guepe;sauterelle;sauterelle;ver_de_terre;luciole;coccinelle;criquet;abeille;mille_pattes;sauterelle;mouche;ver_de_terre;coccinelle;abeille;blatte;cloporte;chenille;hanneton;abeille;libellule;sauterelle;abeille;cafard;mouche;mille_pattes;scarabee;papillon;blatte;mygale;papillon;papillon;coccinelle;abeille;coleoptere;fourmi;punaise;mante_religieuse;fourmi;criquet;araignee;araignee_d'eau;;abeille;mouche;criquet;mante_religieuse;guepe;guepe;mouche;scarabee;ephemere;bourdon;guepe;guepe;moucheron;mouche;frelon;larve;scorpion;coccinelle;guepe;mouche;mille_pattes;gendarme;guepe;araignee;guepe;scorpion;puceron;libellule;araignee;coccinelle;araignee;araignee;sauterelle;cafard;mouche;mille_pattes;puce;coccinelle;abeille;mouche;scarabee;papillon;cafard;asticot;cafard;abeille;guepe;blatte;cousin;cloporte;blatte;mante_religieuse;chenille;guepe;cafard;trypanosome;puceron;moustique;pince_oreilles;blatte;fourmi;bourdon;scarabee;cafard;scarabee;araignee;mouche;abeille;fourmi;tique;mouche;mouche;coccinelle;libellule;gendarme;araignee;moustique;;tique;mygale;blatte;ver_de_terre;fourmi;scarabee;frelon;abeille;mouche;araignee;larve;frelon
puce;tique;cousin;taon;mouche;sauterelle;blatte;coleoptere;mite;araignee;libellule;guepe;scarabee;pou;mante_religieuse;moustique;coccinelle;papillon;moustique;abeille;fourmi;bourdon;grillon;mille_pattes;coccinelle;libellule;libellule;chenille;limace;abeille;sauterelle;araignee;sauterelle;sauterelle;fourmi;guepe;guepe;guepe;grillon;guepe;larve;guepe;mouche;cousin;criquet;coleoptere;gendarme;papillon;guepe;fourmi;bousier;pince_oreilles;guepe;sauterelle;araignee;scarabee;mouche;puce;gendarme;coleoptere;sauterelle;cafard;coccinelle;coccinelle;cigale;frelon;fourmi;guepe;scarabee;fourmi;taon;mouche;frelon;cafard;cafard;guepe;fourmi;gendarme;fourmi;abeille;fourmi;ver_de_terre;mante_religieuse;coleoptere;moustique;criquet;guepe;sauterelle;moustique;pince_oreilles;abeille;chenille;abeille;puce;guepe;abeille;moustique;guepe;coccinelle;moustique;drosophile;phasme;bourdon;mouche;guepe;scarabee;;mouche;criquet;gendarme;araignee;fourmi;taon;scarabee;fourmi;fourmi;taon;frelon;fourmi;sauterelle;moustique;bourdon;gendarme;abeille;pou;bourdon;moustique;abeille;fourmi;sauterelle;coccinelle;frelon;papillon;fourmi;araignee;chenille;fourmi;cafard;cafard;ver;guepe;moustique;coccinelle;puceron;cafard;coccinelle;frelon;mouche;libellule;scarabee;grillon;araignee;libellule;fourmi;cafard;faucheuse;cafard;termite;cigale;limace;bourdon;mouche;anophele_aegyptis;araignee;araignee;puce;cafard;gendarme;;cloporte;sauterelle;libellule;mante_religieuse;puceron;guepe;ver_de_terre;scarabee;coccinelle;cafard;araignee;cafard;cousin;ver_de_terre;blatte;;puce;scolopendre;pince_oreilles;abeille;scarabee;cafard;cafard;guepe;abeille;scorpion;sauterelle;abeille
escargot;araignee;mille_pattes;guepe;hanneton;gendarme;abeille;coccinelle;mouche;mouche;cafard;mouche;papillon;araignee;pince_oreilles;mouche;fourmi;bourdon;mante_religieuse;mouche;cigale;gendarme;sauterelle;papillon;papillon;coccinelle;sauterelle;mille_pattes;coccinelle;gendarme;;ver_de_terre;bourdon;coccinelle;scarabee;araignee;araignee;araignee;punaise_de_lit;araignee;guepe;mouche_a_caca;cloporte;moustique;pince_oreilles;coccinelle;blatte;mouche;criquet;abeille;frelon;scarabee;abeille;ver_de_terre;puce;bousier;mante_religieuse;phasme;punaise;gendarme;scarabee;moustique;araignee;mouche;criquet;taon;ephemere;cafard;papillon;moustique;puce;punaise;guepe;punaise;mouche;abeille;libellule;papillon;mante_religieuse;mille_pattes;;mouche;abeille;scarabee;mouche;grillon;mante_religieuse;fourmi;cousin;cloporte;scorpion;sauterelle;moustique;moustique;abeille;fourmi;mouche;bourdon;dytique;gendarme;libellule;mouche;moustique;papillon;abeille;limace;;gendarme;cafard;cloporte;libellule;libellule;pou;libellule;punaise;abeille;ver_de_terre;abeille;chenille;mante_religieuse;puceron;libellule;coccinelle;guepe;puce;mante_religieuse;puceron;guepe;cafard;scarabee;papillon;moustique;frelon;gendarme;ver;coccinelle;mille_pattes;moucheron;moucheron;papillon;libellule;papillon;papillon;criquet;mouche;fourmi;bourdon;sauterelle;cousin;papillon;mouche;papillon;coccinelle;scarabee;papillon;mygale;mite;fourmi;libellule;mante_religieuse;papillon;moustique;mouche_tse_tse;scolopendre;;tique;papillon;ver_de_terre;;chenille;grillon;araignee_d'eau;scarabee;moustique;criquet;moustique;gendarme;gendarme;blatte;cafard;;moustique;limace;mouche;;coleoptere;pompile;mante_religieuse;guepe;pince_oreilles;guepe;cloporte;chenille;frelon;coccinelle;abeille;scolopendre
pou;abeille;araignee;bourdon;abeille;criquet;guepe;scarabee;araignee;guepe;scarabee;frelon;cafard;moustique;fourmi;libellule;guepe;punaise;araignee;moucheron;guepe;fourmi;mante_religieuse;araignee;limace;ver_de_terre;papillon;mouche;gendarme;fourmi;;luciole;coccinelle;punaise;moucheron;;;;;;abeille;moustique;pince_oreilles;libellule;scorpion;phasme;papillon;moustique;scarabee;scarabee;guepe;gendarme;libellule;vers_luisant;puceron;coccinelle;cafard;coccinelle;pou;papillon;scolopendre;abeille;pince_oreilles;abeille;coccinelle;phasme;scarabee;cousin;araignee;abeille;puceron;bourdon;scorpion;mite;moustique;frelon;abeille;frelon;;chenille;;moustique;guepe;mouche;termite;cigale;asticot;cousin;mite;cafard;blatte;mante_religieuse;coccinelle;tique;moucheron;termite;cousin;mouche;araignee;araignee;criquet;libellule;mouche;puce;chenille;mouche;;ver_de_terre;fourmi;abeille;papillon;araignee;termite;moustique;cafard;guepe;papillon;ver_de_terre;frelon;fourmi;coccinelle;cloporte;grillon;bourdon;tique;limace;papillon;frelon;abeille;fourmi;mante_religieuse;cloporte;cafard;coccinelle;moucheron;mouche;pince_oreilles;mouche;mouche;mante_religieuse;araignee;escargot;abeille;libellule;moustique;puceron;cloporte;papillon;bousier;chenille;coccinelle;mouche;cafard;mille_pattes;chenille;veuve_noire;papillon;guepe;papillon;ver;araignee;mante_religieuse;abeille;mille_pattes;;gendarme;chenille;abeille;;papillon;luciole;moucheron;scolopendre;termite;blatte;mouche;cloporte;punaise;mante_religieuse;blatte;;papillon;sangsue;moucheron;;scarabee;scarabee;;frelon;coccinelle;abeille;mante_religieuse;cousin;bourdon;gendarme;coccinelle;ver_de_terre
pince_oreilles;guepe;moustique_tigre;frelon;sauterelle;coccinelle;frelon;bousier;chenille;frelon;coleoptere;bourdon;blatte;scarabee;mouche;guepe;mouche;scarabee;tique;limace;;moucheron;scarabee;scorpion;chenille;mante_religieuse;scorpion;;araignee;;;coccinelle;;abeille;;;;;;;moucheron;;cafard;luciole;scarabee;scarabee;mante_religieuse;libellule;cafard;coccinelle;abeille;libellule;moustique;mille_pattes;abeille;moustique;gendarme;mouche;mite;puceron;araignee;papillon;guepe;;mouche;libellule;moustique;coccinelle;abeille;termite;mite;frelon;taon;moustique;gendarme;taon;;guepe;;scarabee;;frelon;cigale;sauterelle;blatte;fourmi;grillon;pince_oreilles;termite;blatte;cafard;moustique;cloporte;taon;bourdon;mouche;fourmi;moustique;scorpion;libellule;fourmi;coleoptere;coccinelle;punaise;;guepe;;coccinelle;;chenille;abeille;frelon;papillon;taon;moucheron;puceron;grillon;puce;bourdon;morpion;cloporte;mouche;abeille;chenille;moustique;chenille;libellule;bourdon;guepe;mille_pattes;scarabee;punaise;scarabee;abeille;fourmi;guepe;papillon;sauterelle;sauterelle;bousier;abeille;limace;frelon;bourdon;guepe;papillon;vers_a_soie;araignee;scarabee;guepe;larve;abeille;;luciole;gendarme;termite;guepe;bourdon;limace;termite;blatte;coccinelle;guepe;puce;;;gendarme;moustique;;mite;libellule;tique;scorpion;coccinelle;cafard;;coccinelle;moustique;phasme;luciole;;abeille;blatte;fourmi;;guepe;pince_oreilles;;araignee;cafard;limace;libellule;moustique;araignee;pou;araignee;araignee
libellule;frelon;libellule;abeille;ver_de_terre;abeille;araignee;sauterelle;ver_de_terre;abeille;abeille;punaise;abeille;;frelon;abeille;cafard;moustique;limace;moustique;;mouche;coccinelle;chenille;mouche;phasme;chenille;;;;;moustique;;bourdon;;;;;;;gendarme;;ver_de_terre;puce;sauterelle;gendarme;termite;poisson_d'argent;mante_religieuse;blatte;ver_de_terre;coccinelle;faucheuse;papillon;guepe;mille_pattes;abeille;blatte;papillon;luciole;ver_de_terre;;moustique;;abeille;sauterelle;mouche;papillon;guepe;papillon_de_nuit;doryphore;guepe;;mouche;coccinelle;puceron;;bourdon;;escargot;;mante_religieuse;fourmi;coccinelle;criquet;mouche;cigale;gendarme;coccinelle;papillon;papillon;mouche;mille_pattes;;punaise;sauterelle;scolopendre;frelon;libellule;abeille;abeille;taon;sauterelle;gendarme;;araignee;;puceron;;pou;guepe;coccinelle;moustique;luciole;coccinelle;pou;sauterelle;puceron;moucheron;papillon;gendarme;moucheron;guepe;papillon;guepe;escargot;punaise;mouche;bourdon;araignee;;gendarme;coccinelle;taon;scolopendre;papillon;ephemere;coccinelle;coccinelle;cafard;;scorpion;bourdon;coccinelle;abeille;cafard;ver_de_terre;cafard;abeille;grillon;moustique;fourmi;;papillon;fourmi;cigale;bourdon;abeille;larve;papillon;libellule;mille_pattes;cafard;moustique;;;fourmi;libellule;;puce;escargot;fourmi;moustique;abeille;taon;;taon;fourmi;scarabee;;;guepe;cigale;abeille;;abeille;mouche;;cloporte;guepe;papillon;mouche;gendarme;mille_pattes;blatte;cousin;mygale
luciole;taon;limace;puce;libellule;guepe;tique;grillon;blatte;;frelon;phasme;bourdon;;cafard;taon;scarabee;cousin;escargot;cousin;;moustique;mouche;abeille;moucheron;pou;coccinelle;;;;;;;taon;;;;;;;;;;pince_oreilles;moucheron;mouche;puce;chenille;gendarme;cafard;araignee;puceron;papillon_de_nuit;chenille;mouche;libellule;bourdon;cafard;fourmi;mouche;mante_religieuse;;bourdon;;guepe;coccinelle;puce;moucheron;punaise;mouche;papillon;taon;;libellule;ver_de_terre;;;abeille;;;;araignee;;bourdon;papillon;moustique;mouche;asticot;mante_religieuse;mouche;mille_pattes;guepe;fourmi;;fourmi;cigale;cafard;taon;frelon;bourdon;puce;abeille;grillon;mante_religieuse;;libellule;;papillon;;tique;moucheron;papillon;araignee;abeille;;coccinelle;mouche;libellule;papillon;scarabee;libellule;coccinelle;pou;luciole;sauterelle;mille_pattes;pou;gendarme;taon;papillon;;coccinelle;bourdon;guepe;scarabee;frelon;abeille;papillon;papillon;libellule;;abeille;guepe;taon;mouche_tse_tse;blatte;puceron;frelon;guepe;mouche;bourdon;grillon;;chenille;fourmi_rouge;criquet;abeille;puceron;blatte;cafard;mante_religieuse;escargot;gendarme;;;;fourmi_rouge;cafard;;pou;;;mouche;guepe;moucheron;;abeille;chenille;mille_pattes;;;ver_de_terre;coleoptere;guepe;;papillon;abeille;;puce;abeille;;moucheron;mante_religieuse;ver;ver_de_terre;mille_pattes;sauterelle
scorpion;fourmi;scorpion;coccinelle;moucheron;frelon;criquet;criquet;cafard;;guepe;puce;;;araignee;cousin;papillon;mouche;libellule;araignee;;mante_religieuse;libellule;guepe;abeille;acarien;mouche;;;;;;;araignee;;;;;;;;;;;blatte;papillon;pou;gendarme;taon;papillon;puce;bousier;mite;;cousin;papillon;guepe;mite;araignee;taon;punaise;;mouche;;bourdon;moustique;;;;;;papillon;;pince_oreilles;luciole;;;cloporte;;;;mygale;;fourmi;fourmi;libellule;araignee;papillon;moucheron;guepe;chenille;abeille;papillon;;mante_religieuse;;guepe;mite;guepe;criquet;cafard;bourdon;fourmi_rouge;moustique;;bourdon;;;;libellule;criquet;mille_pattes;mille_pattes;guepe;;papillon;gendarme;pince_oreilles;;;mille_pattes;puceron;mygale;ver_de_terre;;papillon;puce;taon;cousin;bourdon;;puceron;mante_religieuse;bourdon;abeille;cigale;guepe;blatte;blatte;mille_pattes;;guepe;moustique;;moustique_du_chikungunya;punaise;coccinelle;bourdon;frelon;larve;;cigale;;;mille_pattes;mouche;;frelon;cafard;tique;moustique;morpion;criquet;;;;mille_pattes;mouche;;sauterelle;;;guepe;frelon;mille_pattes;;mouche;abeille;chenille;;;;;cloporte;;cafard;moustique;;mante_religieuse;mouche;;fourmi;papillon;;asticot;scarabee;criquet
mouche;fourmi_rouge;cigale;mouche;gendarme;mante_religieuse;sauterelle;libellule;fourmi;;moustique;moustique;;;termite;frelon;frelon;moucheron;cloporte;araignee_d’eau;;coccinelle;fourmi;mygale;;tique;gendarme;;;;;;;papillon;;;;;;;;;;;pou;araignee;pince_oreilles;mante_religieuse;aoutat;chenille;tique;sauterelle;;;mite;araignee;libellule;criquet;termite;moustique;phasme;;mante_religieuse;;libellule;fourmi;;;;;;doryphore;;cigale;;;;chenille;;;;guepe;;mille_pattes;;papillon;;abeille;fourmi_rouge;punaise;ver_de_terre;bourdon;ver_de_terre;;gendarme;;;termite;taon;sauterelle;papillon;mouche_plate;puce;;;cafard;;;;araignee;;pince_oreilles;frelon;cousin;;termite;moustique;moustique;;;;guepe;blatte;fourmi;;cafard;tique;cigale;moucheron;taon;;papillon;puceron;;guepe;capricorne;bourdon;mante_religieuse;mante_religieuse;coccinelle;;mante_religieuse;cousin;;;phasme;papillon;grillon;aoutat;mille_pattes;;sauterelle;;;abeille;drosophile;;papillon;tique;larve;fourmi;grillon;araignee;;;;abeille;drosophile;;pince_oreilles;;;frelon;;moustique;;punaise;guepe;papillon;;;;;mille_pattes;;mouche;cousin;;papillon;limace;;termite;sangsue;;scarabee;pince_oreilles;cafard
papillon;puce;fourmi;grillon;coccinelle;phasme;grillon;mante_religieuse;papillon;;mouche_tse_tse;sauterelle;;;ver_de_terre;cigale;moucheron;libellule;coccinelle;taon;;phasme;guepe;mouche;;gendarme;criquet;;;;;;;;;;;;;;;;;;;moustique;mille_pattes;;;limace;sauterelle;cigale;;;papillon_de_nuit;;scarabee;sauterelle;guepe;cousin;blatte;;scarabee;;mille_pattes;;;;;;;mite;;grillon;;;;mille_pattes;;;;cafard;;chenille;;chenille;;guepe;fourmi_noire;bousier;punaise;carabe;;;;;;cafard;sphinx;;;moustique;moucheron;;;poisson_d'argent;;;;;;scarabee;puce;cafard;;cafard;cousin;cousin;;;;scarabee;limace;cafard;;fourmi;sauterelle;criquet;;;;libellule;mouche;;pou;;mante_religieuse;abeille;abeille;;;araignee;blatte;;;sauterelle;libellule;cigale;taon;moustique;;blatte;;;guepe;pou;;gendarme;aoutat;libellule;gendarme;criquet;mygale;;;;guepe;luciole;;puce_de_sable;;;abeille;;frelon;;;mille_pattes;sauterelle;;;;;tique;;moucheron;frelon;;ver;papillon;;bourdon;mille_pattes;;;cigale;luciole
asticot;gendarme;mite;criquet;;oiseau_mouche;;limace;libellule;;moustique_tigre;criquet;;;scorpion;grillon;gendarme;blatte;papillon_de_nuit;mille_pattes;;bousier;frelon;moustique;;termite;scarabee;;;;;;;;;;;;;;;;;;;tique;tique;;;cigale;criquet;grillon;;;criquet;;frelon;mante_religieuse;abeille;scarabee;fourmi;;ver_de_terre;;cloporte;;;;;;;ver_de_terre;;;;;;araignee;;;;termite;;pince_oreilles;;puce;;bourdon;scarabee;scarabee;bourdon;fourmi;;;;;;moucheron;punaise;;;;;;;gendarme;;;;;;;mite;mille_pattes;;;mille_pattes;scarabee;;;;cousin;ver_de_terre;coccinelle;;termite;taon;grillon;;;;sauterelle;moustique;;sauterelle;;moustique;;;;;;mite;;;mite;moustique;moucheron;charançon;;;libellule;;;frelon;tique;;grillon;moucheron;drosophile;coccinelle;mygale;phalene;;;;frelon;larve;;grillon;;;moucheron;;;;;papillon;grillon;;;;;;;sangsue;guepe;;sauterelle;chenille;;;pince_oreilles;;;mygale;papillon
;coccinelle;;cigale;;punaise;;escargot;;;veuve_noire;;;;fourmi_volante;mante_religieuse;blatte;puce;sauterelle;gendarme;;araignee;abeille;fourmi;;papillon;;;;;;;;;;;;;;;;;;;;grillon;cafard;;;puce;gendarme;mante_religieuse;;;cigale;;sauterelle;moustique;frelon;cafard;papillon;;libellule;;sauterelle;;;;;;;coleoptere;;;;;;grillon;;;;cigale;;frelon;;tique;;;phasme;;taon;termite;;;;;;libellule;faucheuse;;;;;;;papillon;;;;;;;coccinelle;chenille;;;guepe;ephemere;;;;papillon;mouche;moucheron;;coccinelle;moucheron;mante_religieuse;;;;criquet;ephemere;;papillon;;cousin;;;;;;mouche;;;ephemere;scarabee;puce;pince_oreilles;;;ver_de_terre;;;bourdon;;;sauterelle;mouche;criquet;;ver;sauterelle;;;;bourdon;coleoptere;;;;;tique;;;;;asticot;cloporte;;;;;;;moustique;araignee;;grillon;;;;tique;;;;fourmi
;bete_dorage;;puce_de_sable;;moustique;;mille_pattes;;;fourmi;;;;mille_pattes;bourdon;;pou;grillon;puceron;;papillon;tique;;;araignee;;;;;;;;;;;;;;;;;;;;sauterelle;libellule;;;tique;mouche;phasme;;;fourmi;;cigale;taon;limace;mite;moucheron;;mite;;taon;;;;;;;gendarme;;;;;;criquet;;;;;;libellule;;moucheron;;;cloporte;;frelon;blatte;;;;;;;;;;;;;;;;;;;;;libellule;moucheron;;;coleoptere;araignee;;;;;scorpion;;;punaise;bousier;cloporte;;;;fourmi;;;mille_pattes;;libellule;;;;;;moucheron;;;libellule;;chenille;cigale;;;;;;mouche;;;criquet;ver_de_terre;gendarme;;papillon;;;;;mouche;;;;;;puce;;;;;cafard;ver;;;;;;;pou;;;mouche;;;;;;;;scarabee
;cafard;;papillon;;papillon;;blatte;;;fourmi_rouge;;;;faucheuse;sauterelle;;morpion;mille_pattes;puce;;puce;puce;;;mygale;;;;;;;;;;;;;;;;;;;;;;;;morpion;termite;ver_de_terre;;;mille_pattes;;cloporte;guepe;escargot;criquet;taon;;;;moustique;;;;;;;mille_pattes;;;;;;;;;;;;scorpion;;scarabee;;;;;limace;moucheron;;;;;;;;;;;;;;;;;;;;;;mouche_tse_tse;;;pou;papillon;;;;;;;;sauterelle;;termite;;;;;;;;;puceron;;;;;;libellule;;;bourdon;;;grillon;;;;;;punaise;;;phalene;gendarme;araignee;;;;;;;punaise;;;;;;phasme;;;;;;termite;;;;;;;cousin;;;;;;;;;;;
;bourdon;;libellule;;asticot;;cafard;;;araignee;;;;libellule;coccinelle;;punaise_de_lit;ver_de_terre;tique;;pou;punaise_de_lit;;;;;;;;;;;;;;;;;;;;;;;;;;;pou;escargot;limace;;;bourdon;;puce;abeille;grillon;cigale;;;;;puce;;;;;;;fourmi;;;;;;;;;;;;ver_de_terre;;coccinelle;;;;;;criquet;;;;;;;;;;;;;;;;;;;;;;;;;;coccinelle;;;;;;;;moustique;;punaise;;;;;;;;;puce;;;;;;tique;;;gendarme;;;sauterelle;;;;;;libellule;;;moustique;criquet;mouche_tse_tse;;;;;;;libellule;;;;;;coccinelle;;;;;;tique;;;;;;;frelon;;;;;;;;;;;
;criquet;;pou;;ver_de_terre;;cloporte;;;puce;;;;moucheron;;;acarien;;coleoptere;;mille_pattes;phasme;;;;;;;;;;;;;;;;;;;;;;;;;;;;limace;;;;frelon;;termite;frelon;hanneton;puce;;;;;puceron;;;;;;;libellule;;;;;;;;;;;;escargot;;scorpion;;;;;;grillon;;;;;;;;;;;;;;;;;;;;;;;;;;;;;;;;;;taon;;cafard;;;;;;;;;pou;;;;;;puce;;;coleoptere;;;mante_religieuse;;;;;;;;;;grillon;phalene;;;;;;;;;;;;;termite;;;;;;puce;;;;;;;bourdon;;;;;;;;;;;
;coleoptere;;doryphore;;tique;;ver_de_terre;;;tique;;;;blatte;;;;;chenille;;ver_de_terre;asticot;;;;;;;;;;;;;;;;;;;;;;;;;;;;libellule;;;;frelon_asiatique;;hanneton;fourmi;sauterelle;sauterelle;;;;;punaise;;;;;;;araignee;;;;;;;;;;;;limace;;;;;;;;cigale;;;;;;;;;;;;;;;;;;;;;;;;;;;;;;;;;;araignee;;scarabee;;;;;;;;;;;;;;;puceron;;;;;;coccinelle;;;;;;;;;;;;;;;;;;;;;;;;mite;;;;;;libellule;;;;;;;mante_religieuse;;;;;;;;;;;
;scarabee;;punaise;;;;vers_luisant;;;taon;;;;moustique;;;;;punaise;;libellule;mygale;;;;;;;;;;;;;;;;;;;;;;;;;;;;cigale;;;;escargot;;escargot;termite;ver_de_terre;fourmi;;;;;;;;;;;;abeille;;;;;;;;;;;;;;;;;;;;bousier;;;;;;;;;;;;;;;;;;;;;;;;;;;;;;;;;;;;;;;;;;;;;;;;;;;gendarme;;;;;;mille_pattes;;;;;;;;;;;;;;;;;;;;;;;;punaise;;;;;;abeille;;;;;;;criquet;;;;;;;;;;;
;papillon;;tique;;;;vermisseau;;;pou;;;;;;;;;punaise_de_lit;;sauterelle;cousin;;;;;;;;;;;;;;;;;;;;;;;;;;;;;;;;;;punaise;cigale;cafard;termite;;;;;;;;;;;;puce_de_sable;;;;;;;;;;;;;;;;;;;;scarabee;;;;;;;;;;;;;;;;;;;;;;;;;;;;;;;;;;;;;;;;;;;;;;;;;;;;;;;;;;;;;;;;;;;;;;;;;;;;;;;;;;;;;;;guepe;;;;;;;grillon;;;;;;;;;;;
;chenille;;;;;;papillon;;;;;;;;;;;;grillon;;;papillon;;;;;;;;;;;;;;;;;;;;;;;;;;;;;;;;;;moustique;hanneton;;coccinelle;;;;;;;;;;;;puce;;;;;;;;;;;;;;;;;;;;gendarme;;;;;;;;;;;;;;;;;;;;;;;;;;;;;;;;;;;;;;;;;;;;;;;;;;;;;;;;;;;;;;;;;;;;;;;;;;;;;;;;;;;;;;;frelon;;;;;;;sauterelle;;;;;;;;;;;
;;;;;;;chenille;;;;;;;;;;;;criquet;;;chenille;;;;;;;;;;;;;;;;;;;;;;;;;;;;;;;;;;taon;;;phasme;;;;;;;;;;;;;;;;;;;;;;;;;;;;;;;;;;;;;;;;;;;;;;;;;;;;;;;;;;;;;;;;;;;;;;;;;;;;;;;;;;;;;;;;;;;;;;;;;;;;;;;;;;;;;;;;;;;;;;;;;;;;;;cigale;;;;;;;;;;;
;;;;;;;;;;;;;;;;;;;;;;;;;;;;;;;;;;;;;;;;;;;;;;;;;;;;;;;;pince_oreilles;;;;;;;;;;;;;;;;;;;;;;;;;;;;;;;;;;;;;;;;;;;;;;;;;;;;;;;;;;;;;;;;;;;;;;;;;;;;;;;;;;;;;;;;;;;;;;;;;;;;;;;;;;;;;;;;;;;;;;;;;;;;;;;;;libellule;;;;;;;;;;;
