IDResp;Items
Resp_1;fourmi
Resp_1;moustique
Resp_1;criquet
Resp_1;araignee
Resp_1;puce
Resp_1;escargot
Resp_1;pou
Resp_1;pince_oreilles
Resp_1;libellule
Resp_1;luciole
Resp_1;scorpion
Resp_1;mouche
Resp_1;papillon
Resp_1;asticot
Resp_2;libellule
Resp_2;mouche
Resp_2;mante_religieuse
Resp_2;aoutat
Resp_2;tique
Resp_2;araignee
Resp_2;abeille
Resp_2;guepe
Resp_2;frelon
Resp_2;taon
Resp_2;fourmi
Resp_2;fourmi_rouge
Resp_2;puce
Resp_2;gendarme
Resp_2;coccinelle
Resp_2;bete_dorage
Resp_2;cafard
Resp_2;bourdon
Resp_2;criquet
Resp_2;coleoptere
Resp_2;scarabee
Resp_2;papillon
Resp_2;chenille
Resp_3;scarabee
Resp_3;sauterelle
Resp_3;coccinelle
Resp_3;mouche
Resp_3;cousin
Resp_3;mille_pattes
Resp_3;araignee
Resp_3;moustique_tigre
Resp_3;libellule
Resp_3;limace
Resp_3;scorpion
Resp_3;cigale
Resp_3;fourmi
Resp_3;mite
Resp_4;aoutat
Resp_4;hanneton
Resp_4;scarabee
Resp_4;moustique
Resp_4;taon
Resp_4;guepe
Resp_4;bourdon
Resp_4;frelon
Resp_4;abeille
Resp_4;puce
Resp_4;coccinelle
Resp_4;mouche
Resp_4;grillon
Resp_4;criquet
Resp_4;cigale
Resp_4;puce_de_sable
Resp_4;papillon
Resp_4;libellule
Resp_4;pou
Resp_4;doryphore
Resp_4;punaise
Resp_4;tique
Resp_5;guepe
Resp_5;frelon
Resp_5;moustique
Resp_5;araignee
Resp_5;mouche
Resp_5;hanneton
Resp_5;abeille
Resp_5;sauterelle
Resp_5;ver_de_terre
Resp_5;libellule
Resp_5;moucheron
Resp_5;gendarme
Resp_5;coccinelle
Resp_6;araignee
Resp_6;fourmi
Resp_6;mouche
Resp_6;moucheron
Resp_6;sauterelle
Resp_6;gendarme
Resp_6;criquet
Resp_6;coccinelle
Resp_6;abeille
Resp_6;guepe
Resp_6;frelon
Resp_6;mante_religieuse
Resp_6;phasme
Resp_6;oiseau_mouche
Resp_6;punaise
Resp_6;moustique
Resp_6;papillon
Resp_6;asticot
Resp_6;ver_de_terre
Resp_6;tique
Resp_7;fourmi
Resp_7;mouche
Resp_7;moustique
Resp_7;cafard
Resp_7;blatte
Resp_7;abeille
Resp_7;guepe
Resp_7;frelon
Resp_7;araignee
Resp_7;tique
Resp_7;criquet
Resp_7;sauterelle
Resp_7;grillon
Resp_8;araignee
Resp_8;mygale
Resp_8;tarentule
Resp_8;araignee_loup
Resp_8;coleoptere
Resp_8;coccinelle
Resp_8;scarabee
Resp_8;bousier
Resp_8;sauterelle
Resp_8;grillon
Resp_8;criquet
Resp_8;libellule
Resp_8;mante_religieuse
Resp_8;limace
Resp_8;escargot
Resp_8;mille_pattes
Resp_8;blatte
Resp_8;cafard
Resp_8;cloporte
Resp_8;ver_de_terre
Resp_8;vers_luisant
Resp_8;vermisseau
Resp_8;papillon
Resp_8;chenille
Resp_9;cloporte
Resp_9;mante_religieuse
Resp_9;cousin
Resp_9;moustique
Resp_9;mite
Resp_9;mouche
Resp_9;araignee
Resp_9;chenille
Resp_9;ver_de_terre
Resp_9;blatte
Resp_9;cafard
Resp_9;fourmi
Resp_9;papillon
Resp_9;libellule
Resp_10;coccinelle
Resp_10;cafard
Resp_10;coleoptere
Resp_10;fourmi
Resp_10;araignee
Resp_10;mouche
Resp_10;guepe
Resp_10;frelon
Resp_10;abeille
Resp_11;tarentule
Resp_11;blatte
Resp_11;mouche
Resp_11;mante_religieuse
Resp_11;libellule
Resp_11;cafard
Resp_11;scarabee
Resp_11;coleoptere
Resp_11;abeille
Resp_11;frelon
Resp_11;guepe
Resp_11;moustique
Resp_11;mouche_tse_tse
Resp_11;moustique_tigre
Resp_11;veuve_noire
Resp_11;fourmi
Resp_11;fourmi_rouge
Resp_11;araignee
Resp_11;puce
Resp_11;tique
Resp_11;taon
Resp_11;pou
Resp_12;papillon
Resp_12;coccinelle
Resp_12;abeille
Resp_12;fourmi
Resp_12;guepe
Resp_12;mouche
Resp_12;frelon
Resp_12;bourdon
Resp_12;punaise
Resp_12;phasme
Resp_12;puce
Resp_12;moustique
Resp_12;sauterelle
Resp_12;criquet
Resp_13;sauterelle
Resp_13;fourmi
Resp_13;araignee
Resp_13;coccinelle
Resp_13;scarabee
Resp_13;papillon
Resp_13;cafard
Resp_13;blatte
Resp_13;abeille
Resp_13;bourdon
Resp_14;fourmi
Resp_14;sauterelle
Resp_14;punaise
Resp_14;cafard
Resp_14;pou
Resp_14;araignee
Resp_14;moustique
Resp_14;scarabee
Resp_15;scarabee
Resp_15;abeille
Resp_15;guepe
Resp_15;papillon
Resp_15;mante_religieuse
Resp_15;pince_oreilles
Resp_15;fourmi
Resp_15;mouche
Resp_15;frelon
Resp_15;cafard
Resp_15;araignee
Resp_15;termite
Resp_15;ver_de_terre
Resp_15;scorpion
Resp_15;fourmi_volante
Resp_15;mille_pattes
Resp_15;faucheuse
Resp_15;libellule
Resp_15;moucheron
Resp_15;blatte
Resp_15;moustique
Resp_16;cafard
Resp_16;scarabee
Resp_16;blatte
Resp_16;scorpion
Resp_16;moustique
Resp_16;mouche
Resp_16;libellule
Resp_16;guepe
Resp_16;abeille
Resp_16;taon
Resp_16;cousin
Resp_16;frelon
Resp_16;cigale
Resp_16;grillon
Resp_16;mante_religieuse
Resp_16;bourdon
Resp_16;sauterelle
Resp_16;coccinelle
Resp_17;bourdon
Resp_17;abeille
Resp_17;mante_religieuse
Resp_17;moustique
Resp_17;coccinelle
Resp_17;fourmi
Resp_17;guepe
Resp_17;mouche
Resp_17;cafard
Resp_17;scarabee
Resp_17;papillon
Resp_17;frelon
Resp_17;moucheron
Resp_17;gendarme
Resp_17;blatte
Resp_18;fourmi
Resp_18;guepe
Resp_18;abeille
Resp_18;cafard
Resp_18;papillon
Resp_18;bourdon
Resp_18;punaise
Resp_18;scarabee
Resp_18;moustique
Resp_18;cousin
Resp_18;mouche
Resp_18;moucheron
Resp_18;libellule
Resp_18;blatte
Resp_18;puce
Resp_18;pou
Resp_18;morpion
Resp_18;punaise_de_lit
Resp_18;acarien
Resp_19;fourmi
Resp_19;guepe
Resp_19;abeille
Resp_19;mouche
Resp_19;moustique
Resp_19;mante_religieuse
Resp_19;araignee
Resp_19;tique
Resp_19;limace
Resp_19;escargot
Resp_19;libellule
Resp_19;cloporte
Resp_19;coccinelle
Resp_19;papillon_de_nuit
Resp_19;sauterelle
Resp_19;grillon
Resp_19;mille_pattes
Resp_19;ver_de_terre
Resp_20;fourmi
Resp_20;sauterelle
Resp_20;mante_religieuse
Resp_20;scarabee
Resp_20;abeille
Resp_20;mouche
Resp_20;moucheron
Resp_20;limace
Resp_20;moustique
Resp_20;cousin
Resp_20;araignee
Resp_20;araignee_d’eau
Resp_20;taon
Resp_20;mille_pattes
Resp_20;gendarme
Resp_20;puceron
Resp_20;puce
Resp_20;tique
Resp_20;coleoptere
Resp_20;chenille
Resp_20;punaise
Resp_20;punaise_de_lit
Resp_20;grillon
Resp_20;criquet
Resp_21;cafard
Resp_21;coccinelle
Resp_21;sauterelle
Resp_21;pince_oreilles
Resp_21;fourmi
Resp_21;cigale
Resp_21;guepe
Resp_22;scarabee
Resp_22;chenille
Resp_22;abeille
Resp_22;guepe
Resp_22;bourdon
Resp_22;gendarme
Resp_22;fourmi
Resp_22;moucheron
Resp_22;mouche
Resp_22;moustique
Resp_22;mante_religieuse
Resp_22;coccinelle
Resp_22;phasme
Resp_22;bousier
Resp_22;araignee
Resp_22;papillon
Resp_22;puce
Resp_22;pou
Resp_22;mille_pattes
Resp_22;ver_de_terre
Resp_22;libellule
Resp_22;sauterelle
Resp_23;araignee
Resp_23;moustique
Resp_23;mille_pattes
Resp_23;vers_de_farine
Resp_23;grillon
Resp_23;sauterelle
Resp_23;mante_religieuse
Resp_23;scarabee
Resp_23;coccinelle
Resp_23;mouche
Resp_23;libellule
Resp_23;fourmi
Resp_23;guepe
Resp_23;frelon
Resp_23;abeille
Resp_23;tique
Resp_23;puce
Resp_23;punaise_de_lit
Resp_23;phasme
Resp_23;asticot
Resp_23;mygale
Resp_23;cousin
Resp_23;papillon
Resp_23;chenille
Resp_24;termite
Resp_24;criquet
Resp_24;libellule
Resp_24;cafard
Resp_24;mille_pattes
Resp_24;papillon
Resp_24;araignee
Resp_24;scorpion
Resp_24;chenille
Resp_24;abeille
Resp_24;guepe
Resp_24;mygale
Resp_24;mouche
Resp_24;moustique
Resp_24;fourmi
Resp_25;fourmi
Resp_25;termite
Resp_25;punaise
Resp_25;cafard
Resp_25;coccinelle
Resp_25;papillon
Resp_25;limace
Resp_25;chenille
Resp_25;mouche
Resp_25;moucheron
Resp_25;abeille
Resp_26;cafard
Resp_26;blatte
Resp_26;fourmi
Resp_26;sauterelle
Resp_26;libellule
Resp_26;coccinelle
Resp_26;ver_de_terre
Resp_26;mante_religieuse
Resp_26;phasme
Resp_26;pou
Resp_26;acarien
Resp_26;tique
Resp_26;gendarme
Resp_26;termite
Resp_26;papillon
Resp_26;araignee
Resp_26;mygale
Resp_27;cafard
Resp_27;fourmi
Resp_27;moustique
Resp_27;araignee
Resp_27;libellule
Resp_27;sauterelle
Resp_27;papillon
Resp_27;scorpion
Resp_27;chenille
Resp_27;coccinelle
Resp_27;mouche
Resp_27;gendarme
Resp_27;criquet
Resp_27;scarabee
Resp_28;fourmi
Resp_28;abeille
Resp_28;phasme
Resp_28;araignee
Resp_28;chenille
Resp_28;mille_pattes
Resp_28;mouche
Resp_29;moustique
Resp_29;fourmi
Resp_29;abeille
Resp_29;lezard
Resp_29;limace
Resp_29;coccinelle
Resp_29;gendarme
Resp_29;araignee
Resp_30;papillon
Resp_30;moustique
Resp_30;mouche
Resp_30;araignee
Resp_30;abeille
Resp_30;gendarme
Resp_30;fourmi
Resp_31;mouche
Resp_31;araignee
Resp_31;mille_pattes
Resp_31;abeille
Resp_31;sauterelle
Resp_32;cigale
Resp_32;papillon
Resp_32;libellule
Resp_32;cafard
Resp_32;araignee
Resp_32;ver_de_terre
Resp_32;luciole
Resp_32;coccinelle
Resp_32;moustique
Resp_33;abeille
Resp_33;mouche
Resp_33;moustique
Resp_33;papillon
Resp_33;sauterelle
Resp_33;bourdon
Resp_33;coccinelle
Resp_34;guepe
Resp_34;scarabee
Resp_34;fourmi
Resp_34;mante_religieuse
Resp_34;sauterelle
Resp_34;coccinelle
Resp_34;punaise
Resp_34;abeille
Resp_34;bourdon
Resp_34;taon
Resp_34;araignee
Resp_34;papillon
Resp_35;cafard
Resp_35;abeille
Resp_35;sauterelle
Resp_35;libellule
Resp_35;fourmi
Resp_35;scarabee
Resp_35;moucheron
Resp_36;fourmi
Resp_36;coccinelle
Resp_36;abeille
Resp_36;mante_religieuse
Resp_36;guepe
Resp_36;araignee
Resp_37;cafard
Resp_37;tique
Resp_37;abeille
Resp_37;larve
Resp_37;guepe
Resp_37;araignee
Resp_38;cloporte
Resp_38;mouche_bleue
Resp_38;pou
Resp_38;abeille
Resp_38;guepe
Resp_38;araignee
Resp_39;tique
Resp_39;coccinelle
Resp_39;fourmi
Resp_39;mouche
Resp_39;grillon
Resp_39;punaise_de_lit
Resp_40;fourmi
Resp_40;papillon
Resp_40;abeille
Resp_40;mante_religieuse
Resp_40;guepe
Resp_40;araignee
Resp_41;fourmi
Resp_41;cafard
Resp_41;papillon
Resp_41;moustique
Resp_41;larve
Resp_41;guepe
Resp_41;abeille
Resp_41;moucheron
Resp_41;gendarme
Resp_42;papillon
Resp_42;coccinelle
Resp_42;abeille
Resp_42;fourmi
Resp_42;guepe
Resp_42;mouche_a_caca
Resp_42;moustique
Resp_43;scarabee
Resp_43;abeille
Resp_43;mante_religieuse
Resp_43;araignee
Resp_43;mouche
Resp_43;cloporte
Resp_43;pince_oreilles
Resp_43;cafard
Resp_43;ver_de_terre
Resp_44;mille_pattes
Resp_44;araignee
Resp_44;sauterelle
Resp_44;asticot
Resp_44;cousin
Resp_44;moustique
Resp_44;libellule
Resp_44;luciole
Resp_44;puce
Resp_44;pince_oreilles
Resp_45;moustique
Resp_45;cafard
Resp_45;fourmi
Resp_45;papillon
Resp_45;criquet
Resp_45;pince_oreilles
Resp_45;scorpion
Resp_45;scarabee
Resp_45;sauterelle
Resp_45;moucheron
Resp_45;blatte
Resp_45;pou
Resp_46;mante_religieuse
Resp_46;fourmi
Resp_46;macrodontia_cerviconis
Resp_46;lucane_cerf_volant
Resp_46;coleoptere
Resp_46;coccinelle
Resp_46;phasme
Resp_46;scarabee
Resp_46;gendarme
Resp_46;mouche
Resp_46;papillon
Resp_46;araignee
Resp_46;moustique
Resp_46;tique
Resp_46;grillon
Resp_46;sauterelle
Resp_47;coccinelle
Resp_47;criquet
Resp_47;sauterelle
Resp_47;fourmi
Resp_47;gendarme
Resp_47;blatte
Resp_47;papillon
Resp_47;mante_religieuse
Resp_47;termite
Resp_47;puce
Resp_47;pou
Resp_47;pince_oreilles
Resp_47;mille_pattes
Resp_47;tique
Resp_47;cafard
Resp_47;libellule
Resp_48;scarabee
Resp_48;fourmi
Resp_48;mille_pattes
Resp_48;cafard
Resp_48;papillon
Resp_48;mouche
Resp_48;moustique
Resp_48;libellule
Resp_48;poisson_d'argent
Resp_48;chenille
Resp_48;gendarme
Resp_48;mante_religieuse
Resp_49;araignee
Resp_49;mouche
Resp_49;moustique
Resp_49;abeille
Resp_49;guepe
Resp_49;criquet
Resp_49;scarabee
Resp_49;cafard
Resp_49;mante_religieuse
Resp_49;gendarme
Resp_49;taon
Resp_49;aoutat
Resp_50;mouche
Resp_50;guepe
Resp_50;frelon
Resp_50;araignee
Resp_50;fourmi
Resp_50;abeille
Resp_50;scarabee
Resp_50;coccinelle
Resp_50;blatte
Resp_50;cafard
Resp_50;papillon
Resp_50;chenille
Resp_50;limace
Resp_50;cigale
Resp_50;puce
Resp_50;tique
Resp_50;morpion
Resp_50;pou
Resp_51;fourmi
Resp_51;coccinelle
Resp_51;mante_religieuse
Resp_51;scarabee
Resp_51;bousier
Resp_51;frelon
Resp_51;guepe
Resp_51;abeille
Resp_51;ver_de_terre
Resp_51;araignee
Resp_51;puce
Resp_51;tique
Resp_51;sauterelle
Resp_51;criquet
Resp_51;gendarme
Resp_51;mouche
Resp_51;termite
Resp_51;escargot
Resp_51;limace
Resp_51;libellule
Resp_51;cigale
Resp_52;fourmi
Resp_52;coleoptere
Resp_52;abeille
Resp_52;mouche
Resp_52;pince_oreilles
Resp_52;scarabee
Resp_52;gendarme
Resp_52;libellule
Resp_52;coccinelle
Resp_52;puceron
Resp_52;bousier
Resp_52;sauterelle
Resp_52;cigale
Resp_52;grillon
Resp_52;mante_religieuse
Resp_52;phasme
Resp_52;ver_de_terre
Resp_52;limace
Resp_53;fourmi
Resp_53;araignee
Resp_53;mouche
Resp_53;gendarme
Resp_53;guepe
Resp_53;abeille
Resp_53;libellule
Resp_53;moustique
Resp_53;faucheuse
Resp_53;papillon_de_nuit
Resp_53;mite
Resp_54;fourmi
Resp_54;asticot
Resp_54;cloporte
Resp_54;punaise
Resp_54;sauterelle
Resp_54;ver_de_terre
Resp_54;vers_luisant
Resp_54;mille_pattes
Resp_54;papillon
Resp_54;chenille
Resp_55;coccinelle
Resp_55;sauterelle
Resp_55;coleoptere
Resp_55;scarabee
Resp_55;araignee
Resp_55;puce
Resp_55;puceron
Resp_55;abeille
Resp_55;guepe
Resp_55;mouche
Resp_55;cousin
Resp_55;mite
Resp_55;papillon_de_nuit
Resp_55;criquet
Resp_55;cigale
Resp_55;fourmi
Resp_55;mille_pattes
Resp_55;bourdon
Resp_55;frelon
Resp_55;frelon_asiatique
Resp_55;escargot
Resp_56;fourmi
Resp_56;guepe
Resp_56;abeille
Resp_56;frelon
Resp_56;scarabee
Resp_56;bousier
Resp_56;coccinelle
Resp_56;moustique
Resp_56;mille_pattes
Resp_56;libellule
Resp_56;papillon
Resp_56;araignee
Resp_57;fourmi
Resp_57;coccinelle
Resp_57;papillon
Resp_57;mite
Resp_57;mouche
Resp_57;mante_religieuse
Resp_57;cafard
Resp_57;gendarme
Resp_57;abeille
Resp_57;bourdon
Resp_57;guepe
Resp_57;libellule
Resp_57;scarabee
Resp_57;frelon
Resp_57;sauterelle
Resp_57;cigale
Resp_57;cloporte
Resp_57;puce
Resp_57;termite
Resp_57;hanneton
Resp_57;escargot
Resp_57;punaise
Resp_57;moustique
Resp_57;taon
Resp_57;pince_oreilles
Resp_58;papillon
Resp_58;libellule
Resp_58;scarabee
Resp_58;gendarme
Resp_58;puce
Resp_58;phasme
Resp_58;coccinelle
Resp_58;mouche
Resp_58;blatte
Resp_58;cafard
Resp_58;mite
Resp_58;criquet
Resp_58;sauterelle
Resp_58;mante_religieuse
Resp_58;moustique
Resp_58;taon
Resp_58;guepe
Resp_58;abeille
Resp_58;frelon
Resp_58;fourmi
Resp_58;termite
Resp_58;cigale
Resp_58;hanneton
Resp_59;coccinelle
Resp_59;puce
Resp_59;coleoptere
Resp_59;mante_religieuse
Resp_59;gendarme
Resp_59;punaise
Resp_59;pou
Resp_59;mite
Resp_59;papillon
Resp_59;fourmi
Resp_59;araignee
Resp_59;termite
Resp_59;guepe
Resp_59;abeille
Resp_59;frelon
Resp_59;limace
Resp_59;escargot
Resp_59;grillon
Resp_59;hanneton
Resp_59;sauterelle
Resp_59;ver_de_terre
Resp_59;cafard
Resp_60;mante_religieuse
Resp_60;punaise_de_lit
Resp_60;abeille
Resp_60;guepe
Resp_60;coleoptere
Resp_60;gendarme
Resp_60;papillon
Resp_60;puceron
Resp_60;luciole
Resp_60;mouche
Resp_60;taon
Resp_60;moustique
Resp_60;cousin
Resp_60;scarabee
Resp_60;cafard
Resp_60;mite
Resp_60;criquet
Resp_60;cigale
Resp_60;puce
Resp_60;sauterelle
Resp_60;fourmi
Resp_60;termite
Resp_60;coccinelle
Resp_60;phasme
Resp_61;mouche
Resp_61;guepe
Resp_61;abeille
Resp_61;libellule
Resp_61;sauterelle
Resp_61;scarabee
Resp_61;scolopendre
Resp_61;araignee
Resp_61;ver_de_terre
Resp_61;mante_religieuse
Resp_61;punaise
Resp_61;phasme
Resp_61;blatte
Resp_61;fourmi
Resp_61;papillon
Resp_61;moucheron
Resp_61;taon
Resp_62;araignee
Resp_62;fourmi
Resp_62;limace
Resp_62;mille_pattes
Resp_62;cafard
Resp_62;moustique
Resp_62;abeille
Resp_62;papillon
Resp_63;fourmi
Resp_63;gendarme
Resp_63;coleoptere
Resp_63;mille_pattes
Resp_63;coccinelle
Resp_63;araignee
Resp_63;pince_oreilles
Resp_63;guepe
Resp_63;moustique
Resp_63;bourdon
Resp_63;mouche
Resp_63;mante_religieuse
Resp_63;scarabee
Resp_63;ver_de_terre
Resp_63;libellule
Resp_63;mite
Resp_64;gendarme
Resp_64;papillon
Resp_64;fourmi
Resp_64;sauterelle
Resp_64;coccinelle
Resp_64;mouche
Resp_64;abeille
Resp_65;papillon
Resp_65;fourmi
Resp_65;mante_religieuse
Resp_65;araignee
Resp_65;cigale
Resp_65;criquet
Resp_65;coccinelle
Resp_65;mouche
Resp_65;abeille
Resp_65;guepe
Resp_65;bourdon
Resp_65;libellule
Resp_65;mille_pattes
Resp_65;cloporte
Resp_65;sauterelle
Resp_65;taon
Resp_65;moustique
Resp_65;puce
Resp_65;puceron
Resp_65;punaise
Resp_66;papillon
Resp_66;araignee
Resp_66;abeille
Resp_66;guepe
Resp_66;frelon
Resp_66;taon
Resp_66;phasme
Resp_66;libellule
Resp_66;sauterelle
Resp_66;coccinelle
Resp_66;moustique
Resp_66;fourmi
Resp_67;araignee
Resp_67;papillon
Resp_67;abeille
Resp_67;sauterelle
Resp_67;fourmi
Resp_67;ephemere
Resp_67;scarabee
Resp_67;moustique
Resp_67;mouche
Resp_67;puce
Resp_68;mouche
Resp_68;moustique
Resp_68;fourmi
Resp_68;sauterelle
Resp_68;guepe
Resp_68;cafard
Resp_68;cousin
Resp_68;coccinelle
Resp_68;papillon
Resp_68;moucheron
Resp_69;fourmi
Resp_69;moustique
Resp_69;mouche
Resp_69;ver_de_terre
Resp_69;scarabee
Resp_69;papillon
Resp_69;araignee
Resp_69;abeille
Resp_69;guepe
Resp_69;punaise
Resp_70;chenille
Resp_70;mante_religieuse
Resp_70;scarabee
Resp_70;luciole
Resp_70;fourmi
Resp_70;moustique
Resp_70;abeille
Resp_70;termite
Resp_70;papillon_de_nuit
Resp_70;mouche
Resp_71;hanneton
Resp_71;mouche
Resp_71;libellule
Resp_71;coccinelle
Resp_71;taon
Resp_71;puce
Resp_71;puceron
Resp_71;mite
Resp_71;doryphore
Resp_71;papillon
Resp_72;grillon
Resp_72;cafard
Resp_72;coccinelle
Resp_72;criquet
Resp_72;mouche
Resp_72;punaise
Resp_72;bourdon
Resp_72;frelon
Resp_72;guepe
Resp_72;taon
Resp_72;papillon
Resp_72;doryphore
Resp_72;mite
Resp_72;ver_de_terre
Resp_72;coleoptere
Resp_72;gendarme
Resp_72;mille_pattes
Resp_72;fourmi
Resp_72;libellule
Resp_72;araignee
Resp_72;abeille
Resp_72;puce_de_sable
Resp_72;puce
Resp_73;fourmi
Resp_73;scarabee
Resp_73;coleoptere
Resp_73;abeille
Resp_73;frelon
Resp_73;guepe
Resp_73;scorpion
Resp_73;taon
Resp_74;mante_religieuse
Resp_74;cloporte
Resp_74;fourmi
Resp_74;mille_pattes
Resp_74;cafard
Resp_74;punaise
Resp_74;mite
Resp_74;moustique
Resp_74;mouche
Resp_74;libellule
Resp_74;pince_oreilles
Resp_74;cigale
Resp_74;grillon
Resp_75;cloporte
Resp_75;fourmi
Resp_75;scarabee
Resp_75;sauterelle
Resp_75;cafard
Resp_75;mouche
Resp_75;moustique
Resp_75;gendarme
Resp_75;coccinelle
Resp_75;ver_de_terre
Resp_75;luciole
Resp_76;moustique
Resp_76;phalene
Resp_76;araignee
Resp_76;mouche
Resp_76;guepe
Resp_76;abeille
Resp_76;frelon
Resp_76;taon
Resp_76;puceron
Resp_77;cafard
Resp_77;papillon
Resp_77;scarabee
Resp_77;ver_de_terre
Resp_77;fourmi
Resp_77;libellule
Resp_77;abeille
Resp_78;mante_religieuse
Resp_78;phasme
Resp_78;fourmi
Resp_78;coccinelle
Resp_78;gendarme
Resp_78;papillon
Resp_78;frelon
Resp_78;guepe
Resp_78;bourdon
Resp_78;abeille
Resp_78;cloporte
Resp_78;chenille
Resp_78;mille_pattes
Resp_78;araignee
Resp_78;grillon
Resp_78;criquet
Resp_79;coccinelle
Resp_79;chenille
Resp_79;mouche
Resp_79;abeille
Resp_79;fourmi
Resp_79;mante_religieuse
Resp_80;fourmi
Resp_80;araignee
Resp_80;moustique
Resp_80;blatte
Resp_80;abeille
Resp_80;mille_pattes
Resp_80;chenille
Resp_80;scarabee
Resp_80;escargot
Resp_81;araignee
Resp_81;moucheron
Resp_81;libellule
Resp_81;cloporte
Resp_81;fourmi
Resp_82;fourmi
Resp_82;abeille
Resp_82;papillon
Resp_82;chenille
Resp_82;ver_de_terre
Resp_82;mouche
Resp_82;moustique
Resp_82;frelon
Resp_82;mante_religieuse
Resp_82;araignee
Resp_82;mygale
Resp_82;guepe
Resp_82;cafard
Resp_82;termite
Resp_82;cigale
Resp_83;mouche
Resp_83;criquet
Resp_83;coleoptere
Resp_83;hanneton
Resp_83;mante_religieuse
Resp_83;abeille
Resp_83;guepe
Resp_83;cigale
Resp_83;fourmi
Resp_84;araignee
Resp_84;guepe
Resp_84;moustique
Resp_84;abeille
Resp_84;coleoptere
Resp_84;scarabee
Resp_84;mouche
Resp_84;sauterelle
Resp_84;coccinelle
Resp_84;bourdon
Resp_84;fourmi
Resp_84;mille_pattes
Resp_84;chenille
Resp_84;pince_oreilles
Resp_84;frelon
Resp_84;libellule
Resp_84;scorpion
Resp_84;ver_de_terre
Resp_84;escargot
Resp_84;limace
Resp_85;ver_de_terre
Resp_85;scarabee
Resp_85;cafard
Resp_85;libellule
Resp_85;moustique
Resp_85;mouche
Resp_85;termite
Resp_85;blatte
Resp_85;criquet
Resp_85;papillon
Resp_85;fourmi
Resp_86;abeille
Resp_86;guepe
Resp_86;frelon
Resp_86;sauterelle
Resp_86;criquet
Resp_86;grillon
Resp_86;cigale
Resp_86;fourmi
Resp_86;mouche
Resp_86;moustique
Resp_86;libellule
Resp_86;papillon
Resp_86;chenille
Resp_86;puce
Resp_86;tique
Resp_86;moucheron
Resp_86;scarabee
Resp_86;coccinelle
Resp_86;scorpion
Resp_87;fourmi
Resp_87;libellule
Resp_87;papillon
Resp_87;abeille
Resp_87;guepe
Resp_87;mante_religieuse
Resp_87;asticot
Resp_87;grillon
Resp_87;cigale
Resp_87;mouche
Resp_87;araignee
Resp_88;moustique
Resp_88;mouche
Resp_88;araignee
Resp_88;cafard
Resp_88;sauterelle
Resp_88;fourmi
Resp_88;cousin
Resp_88;pince_oreilles
Resp_88;gendarme
Resp_88;asticot
Resp_88;papillon
Resp_88;abeille
Resp_88;guepe
Resp_88;bourdon
Resp_89;libellule
Resp_89;papillon
Resp_89;cafard
Resp_89;mouche
Resp_89;moustique
Resp_89;cousin
Resp_89;mite
Resp_89;termite
Resp_89;coccinelle
Resp_89;mante_religieuse
Resp_89;moucheron
Resp_89;fourmi_rouge
Resp_89;fourmi_noire
Resp_89;scarabee
Resp_89;phasme
Resp_89;cloporte
Resp_90;fourmi
Resp_90;sauterelle
Resp_90;chenille
Resp_90;mille_pattes
Resp_90;pince_oreilles
Resp_90;cloporte
Resp_90;cafard
Resp_90;blatte
Resp_90;papillon
Resp_90;mouche
Resp_90;guepe
Resp_90;punaise
Resp_90;bousier
Resp_90;scarabee
Resp_91;mouche
Resp_91;moustique
Resp_91;guepe
Resp_91;scarabee
Resp_91;abeille
Resp_91;scorpion
Resp_91;blatte
Resp_91;cafard
Resp_91;papillon
Resp_91;mille_pattes
Resp_91;chenille
Resp_91;ver_de_terre
Resp_91;punaise
Resp_91;bourdon
Resp_91;taon
Resp_91;frelon
Resp_91;limace
Resp_92;coccinelle
Resp_92;hanneton
Resp_92;cafard
Resp_92;papillon
Resp_92;chenille
Resp_92;sauterelle
Resp_92;mante_religieuse
Resp_92;moustique
Resp_92;mouche
Resp_92;guepe
Resp_92;abeille
Resp_92;bourdon
Resp_92;carabe
Resp_92;fourmi
Resp_92;termite
Resp_92;blatte
Resp_92;moucheron
Resp_92;criquet
Resp_92;grillon
Resp_92;cigale
Resp_92;bousier
Resp_92;scarabee
Resp_92;gendarme
Resp_93;mouche
Resp_93;cafard
Resp_93;araignee
Resp_93;blatte
Resp_93;abeille
Resp_93;moustique
Resp_93;coccinelle
Resp_93;cloporte
Resp_93;mille_pattes
Resp_93;fourmi
Resp_93;papillon
Resp_93;ver_de_terre
Resp_94;cousin
Resp_94;mouche
Resp_94;araignee
Resp_94;mygale
Resp_94;puce
Resp_94;moustique
Resp_94;tique
Resp_94;taon
Resp_95;araignee
Resp_95;mouche
Resp_95;moustique
Resp_95;papillon
Resp_95;guepe
Resp_95;abeille
Resp_95;moucheron
Resp_95;bourdon
Resp_95;punaise
Resp_95;fourmi
Resp_95;mante_religieuse
Resp_95;gendarme
Resp_96;puce
Resp_96;ver
Resp_96;araignee
Resp_96;papillon
Resp_96;abeille
Resp_96;fourmi
Resp_96;termite
Resp_96;mouche
Resp_96;sauterelle
Resp_96;cigale
Resp_97;mante_religieuse
Resp_97;scarabee
Resp_97;gendarme
Resp_97;coccinelle
Resp_97;moustique
Resp_97;mouche
Resp_97;cousin
Resp_97;fourmi
Resp_97;scolopendre
Resp_97;cafard
Resp_97;guepe
Resp_98;fourmi
Resp_98;araignee
Resp_98;coccinelle
Resp_98;abeille
Resp_98;guepe
Resp_98;bourdon
Resp_98;mouche
Resp_98;moustique
Resp_98;frelon
Resp_98;taon
Resp_98;mite
Resp_98;termite
Resp_98;cafard
Resp_98;moucheron
Resp_98;libellule
Resp_99;fourmi
Resp_99;mouche
Resp_99;scarabee
Resp_99;coleoptere
Resp_99;coccinelle
Resp_99;dytique
Resp_99;araignee
Resp_99;scorpion
Resp_99;libellule
Resp_99;frelon
Resp_99;guepe
Resp_99;taon
Resp_99;sphinx
Resp_99;punaise
Resp_99;faucheuse
Resp_100;mouche
Resp_100;blatte
Resp_100;cafard
Resp_100;fourmi
Resp_100;moustique
Resp_100;gendarme
Resp_100;araignee
Resp_100;libellule
Resp_100;abeille
Resp_100;bourdon
Resp_100;criquet
Resp_100;sauterelle
Resp_101;mouche
Resp_101;moustique
Resp_101;sauterelle
Resp_101;punaise
Resp_101;drosophile
Resp_101;libellule
Resp_101;criquet
Resp_101;fourmi
Resp_101;abeille
Resp_101;puce
Resp_101;cafard
Resp_101;papillon
Resp_102;papillon
Resp_102;sauterelle
Resp_102;coccinelle
Resp_102;mante_religieuse
Resp_102;phasme
Resp_102;mouche
Resp_102;libellule
Resp_102;coleoptere
Resp_102;taon
Resp_102;abeille
Resp_102;bourdon
Resp_102;mouche_plate
Resp_102;moustique
Resp_103;cloporte
Resp_103;papillon
Resp_103;abeille
Resp_103;fourmi
Resp_103;bourdon
Resp_103;moustique
Resp_103;mouche
Resp_103;coccinelle
Resp_103;sauterelle
Resp_103;grillon
Resp_103;fourmi_rouge
Resp_103;puce
Resp_103;moucheron
Resp_104;coccinelle
Resp_104;phasme
Resp_104;sauterelle
Resp_104;criquet
Resp_104;mouche
Resp_104;papillon
Resp_104;puce
Resp_104;punaise
Resp_104;gendarme
Resp_104;mante_religieuse
Resp_104;moustique
Resp_105;mouche
Resp_105;moustique
Resp_105;cafard
Resp_105;araignee
Resp_105;guepe
Resp_105;abeille
Resp_105;chenille
Resp_106;ver_de_terre
Resp_106;fourmi
Resp_106;punaise
Resp_106;araignee_d'eau
Resp_106;scarabee
Resp_106;limace
Resp_106;mouche
Resp_106;guepe
Resp_106;araignee
Resp_106;libellule
Resp_106;bourdon
Resp_106;cafard
Resp_106;poisson_d'argent
Resp_106;gendarme
Resp_106;papillon
Resp_107;mouche
Resp_107;abeille
Resp_107;coccinelle
Resp_108;araignee
Resp_108;moustique
Resp_108;guepe
Resp_108;abeille
Resp_108;mouche
Resp_108;gendarme
Resp_108;ver_de_terre
Resp_108;coccinelle
Resp_108;puceron
Resp_108;papillon
Resp_109;coccinelle
Resp_109;moustique
Resp_109;papillon
Resp_109;mouche
Resp_109;criquet
Resp_109;cafard
Resp_109;fourmi
Resp_110;sauterelle
Resp_110;papillon
Resp_110;grillon
Resp_110;criquet
Resp_110;gendarme
Resp_110;cloporte
Resp_110;abeille
Resp_110;chenille
Resp_110;pou
Resp_110;tique
Resp_110;libellule
Resp_110;araignee
Resp_111;fourmi
Resp_111;mouche
Resp_111;moustique
Resp_111;mante_religieuse
Resp_111;araignee
Resp_111;libellule
Resp_111;papillon
Resp_111;abeille
Resp_111;guepe
Resp_111;moucheron
Resp_111;criquet
Resp_112;mouche
Resp_112;moustique
Resp_112;abeille
Resp_112;guepe
Resp_112;fourmi
Resp_112;libellule
Resp_112;araignee
Resp_112;frelon
Resp_112;coccinelle
Resp_112;papillon
Resp_112;mille_pattes
Resp_112;pince_oreilles
Resp_112;scarabee
Resp_113;fourmi
Resp_113;mouche
Resp_113;abeille
Resp_113;guepe
Resp_113;taon
Resp_113;pou
Resp_113;termite
Resp_113;papillon
Resp_113;moustique
Resp_113;araignee
Resp_113;mille_pattes
Resp_113;frelon
Resp_113;puce
Resp_113;mite
Resp_113;coccinelle
Resp_113;libellule
Resp_114;araignee
Resp_114;ver
Resp_114;papillon
Resp_114;mouche
Resp_114;scarabee
Resp_114;libellule
Resp_114;moustique
Resp_114;taon
Resp_114;luciole
Resp_114;abeille
Resp_114;guepe
Resp_114;cousin
Resp_114;cafard
Resp_114;mille_pattes
Resp_114;chenille
Resp_114;moucheron
Resp_114;mouche_tse_tse
Resp_115;mouche
Resp_115;moustique
Resp_115;libellule
Resp_115;scarabee
Resp_115;fourmi
Resp_115;punaise
Resp_115;cafard
Resp_115;moucheron
Resp_115;coccinelle
Resp_116;scarabee
Resp_116;mouche
Resp_116;cigale
Resp_116;ephemere
Resp_116;fourmi
Resp_116;abeille
Resp_116;guepe
Resp_116;puceron
Resp_116;pou
Resp_116;coccinelle
Resp_116;papillon
Resp_116;termite
Resp_116;cafard
Resp_117;abeille
Resp_117;araignee
Resp_117;fourmi
Resp_117;bourdon
Resp_117;taon
Resp_117;ver_de_terre
Resp_117;papillon
Resp_117;grillon
Resp_117;sauterelle
Resp_117;mouche
Resp_117;gendarme
Resp_117;moustique
Resp_117;cousin
Resp_117;mille_pattes
Resp_117;guepe
Resp_117;coleoptere
Resp_117;pou
Resp_118;fourmi
Resp_118;gendarme
Resp_118;mouche
Resp_118;guepe
Resp_118;frelon
Resp_118;abeille
Resp_118;ver_de_terre
Resp_118;puce
Resp_118;puceron
Resp_118;libellule
Resp_118;pince_oreilles
Resp_118;moustique
Resp_118;cousin
Resp_118;scarabee
Resp_118;ephemere
Resp_118;araignee
Resp_118;papillon
Resp_118;coccinelle
Resp_119;abeille
Resp_119;mouche
Resp_119;moustique
Resp_119;guepe
Resp_119;fourmi
Resp_119;chenille
Resp_119;frelon
Resp_119;bourdon
Resp_119;moucheron
Resp_119;papillon
Resp_120;coccinelle
Resp_120;moustique
Resp_120;mouche
Resp_120;moucheron
Resp_120;sauterelle
Resp_120;mante_religieuse
Resp_120;fourmi
Resp_120;morpion
Resp_120;papillon
Resp_120;scarabee
Resp_121;ver_de_terre
Resp_121;scarabee
Resp_121;fourmi
Resp_121;mouche
Resp_121;moustique
Resp_121;puceron
Resp_121;coccinelle
Resp_121;cloporte
Resp_121;gendarme
Resp_121;libellule
Resp_121;mille_pattes
Resp_122;abeille
Resp_122;moustique
Resp_122;fourmi
Resp_122;frelon
Resp_122;bourdon
Resp_122;libellule
Resp_122;cloporte
Resp_122;mouche
Resp_122;moucheron
Resp_122;coccinelle
Resp_122;puceron
Resp_122;guepe
Resp_122;scarabee
Resp_122;cousin
Resp_122;papillon
Resp_123;fourmi
Resp_123;cafard
Resp_123;papillon
Resp_123;larve
Resp_123;gendarme
Resp_123;coccinelle
Resp_123;grillon
Resp_123;abeille
Resp_123;guepe
Resp_123;pou
Resp_123;mygale
Resp_123;blatte
Resp_123;limace
Resp_123;ver_de_terre
Resp_123;mouche
Resp_123;scorpion
Resp_124;libellule
Resp_124;sauterelle
Resp_124;punaise
Resp_124;scorpion
Resp_124;abeille
Resp_124;guepe
Resp_124;bourdon
Resp_124;chenille
Resp_124;papillon
Resp_124;luciole
Resp_124;ver_de_terre
Resp_124;fourmi
Resp_124;cafard
Resp_124;coccinelle
Resp_124;moucheron
Resp_125;fourmi
Resp_125;cafard
Resp_125;araignee
Resp_125;coccinelle
Resp_125;pou
Resp_125;puce
Resp_125;tique
Resp_125;moustique
Resp_125;guepe
Resp_125;sauterelle
Resp_126;mouche
Resp_126;abeille
Resp_126;libellule
Resp_126;guepe
Resp_126;bourdon
Resp_126;mante_religieuse
Resp_126;limace
Resp_126;chenille
Resp_126;escargot
Resp_126;mille_pattes
Resp_126;papillon
Resp_126;cafard
Resp_126;fourmi
Resp_126;termite
Resp_126;coccinelle
Resp_126;punaise
Resp_126;sauterelle
Resp_126;moustique
Resp_126;taon
Resp_126;araignee
Resp_127;fourmi
Resp_127;coccinelle
Resp_127;araignee
Resp_127;mouche
Resp_127;moustique
Resp_127;puceron
Resp_127;papillon
Resp_127;libellule
Resp_127;punaise
Resp_127;pou
Resp_127;puce
Resp_127;tique
Resp_127;sauterelle
Resp_127;taon
Resp_127;moucheron
Resp_127;bousier
Resp_128;fourmi
Resp_128;coccinelle
Resp_128;papillon
Resp_128;mille_pattes
Resp_128;abeille
Resp_128;guepe
Resp_128;frelon
Resp_128;bourdon
Resp_128;mouche
Resp_128;gendarme
Resp_128;taon
Resp_128;cigale
Resp_128;criquet
Resp_128;grillon
Resp_128;mante_religieuse
Resp_128;cloporte
Resp_128;termite
Resp_128;punaise
Resp_128;cafard
Resp_128;scarabee
Resp_129;mouche
Resp_129;moustique
Resp_129;drosophile
Resp_129;gendarme
Resp_129;fourmi
Resp_129;cafard
Resp_129;abeille
Resp_129;guepe
Resp_129;bourdon
Resp_129;taon
Resp_129;cousin
Resp_129;moucheron
Resp_130;mouche
Resp_130;moustique
Resp_130;abeille
Resp_130;guepe
Resp_130;sauterelle
Resp_130;scarabee
Resp_130;fourmi
Resp_130;mille_pattes
Resp_130;araignee
Resp_130;papillon
Resp_130;bourdon
Resp_130;taon
Resp_131;abeille
Resp_131;mille_pattes
Resp_131;fourmi
Resp_131;araignee
Resp_131;coccinelle
Resp_131;papillon
Resp_131;mante_religieuse
Resp_131;scarabee
Resp_132;cafard
Resp_132;abeille
Resp_132;mouche
Resp_132;guepe
Resp_132;frelon
Resp_132;moustique
Resp_132;cloporte
Resp_132;punaise
Resp_132;gendarme
Resp_132;coccinelle
Resp_132;puceron
Resp_132;papillon
Resp_132;libellule
Resp_132;sauterelle
Resp_132;criquet
Resp_132;fourmi
Resp_133;fourmi
Resp_133;abeille
Resp_133;guepe
Resp_133;scorpion
Resp_133;papillon
Resp_133;frelon
Resp_133;cafard
Resp_133;scarabee
Resp_133;coccinelle
Resp_133;bourdon
Resp_133;mante_religieuse
Resp_133;puceron
Resp_133;mouche
Resp_133;moustique
Resp_133;ephemere
Resp_134;mouche
Resp_134;scarabee
Resp_134;moustique
Resp_134;puceron
Resp_134;fourmi
Resp_134;gendarme
Resp_134;coccinelle
Resp_134;abeille
Resp_134;taon
Resp_134;guepe
Resp_134;bourdon
Resp_135;mouche
Resp_135;coccinelle
Resp_135;moustique
Resp_135;libellule
Resp_135;araignee
Resp_135;ver
Resp_135;moucheron
Resp_135;fourmi
Resp_135;scolopendre
Resp_135;scarabee
Resp_135;abeille
Resp_135;guepe
Resp_135;pou
Resp_135;sauterelle
Resp_135;papillon
Resp_135;mille_pattes
Resp_136;fourmi
Resp_136;cloporte
Resp_136;mante_religieuse
Resp_136;araignee
Resp_136;chenille
Resp_136;coccinelle
Resp_136;mouche
Resp_136;guepe
Resp_136;papillon
Resp_136;frelon
Resp_136;cigale
Resp_136;capricorne
Resp_137;cafard
Resp_137;gendarme
Resp_137;scarabee
Resp_137;coccinelle
Resp_137;fourmi
Resp_137;mille_pattes
Resp_137;pince_oreilles
Resp_137;papillon
Resp_137;ephemere
Resp_137;abeille
Resp_137;guepe
Resp_137;bourdon
Resp_137;mante_religieuse
Resp_137;moustique
Resp_137;cousin
Resp_137;libellule
Resp_137;puceron
Resp_137;puce
Resp_137;pou
Resp_138;fourmi
Resp_138;libellule
Resp_138;cigale
Resp_138;araignee
Resp_138;cafard
Resp_138;moucheron
Resp_138;mouche
Resp_138;sauterelle
Resp_138;coccinelle
Resp_138;papillon
Resp_138;blatte
Resp_138;mante_religieuse
Resp_138;abeille
Resp_139;fourmi
Resp_139;libellule
Resp_139;cigale
Resp_139;araignee
Resp_139;cafard
Resp_139;moucheron
Resp_139;mouche
Resp_139;sauterelle
Resp_139;coccinelle
Resp_139;papillon
Resp_139;blatte
Resp_139;mante_religieuse
Resp_139;abeille
Resp_140;scarabee
Resp_140;fourmi
Resp_140;grillon
Resp_140;sauterelle
Resp_140;ver
Resp_140;papillon
Resp_140;mante_religieuse
Resp_140;bousier
Resp_140;cafard
Resp_140;libellule
Resp_140;mille_pattes
Resp_140;coccinelle
Resp_141;moustique
Resp_141;mouche
Resp_141;moucheron
Resp_141;cafard
Resp_141;guepe
Resp_141;libellule
Resp_141;araignee
Resp_141;abeille
Resp_142;sauterelle
Resp_142;cafard
Resp_142;blatte
Resp_142;mouche
Resp_142;moustique
Resp_142;papillon
Resp_142;escargot
Resp_142;limace
Resp_142;scorpion
Resp_142;abeille
Resp_142;guepe
Resp_142;mante_religieuse
Resp_142;araignee
Resp_143;fourmi
Resp_143;araignee
Resp_143;cafard
Resp_143;mille_pattes
Resp_143;coccinelle
Resp_143;papillon
Resp_143;abeille
Resp_143;frelon
Resp_143;bourdon
Resp_143;guepe
Resp_143;moustique
Resp_143;cousin
Resp_143;blatte
Resp_143;mite
Resp_143;mouche
Resp_143;moucheron
Resp_143;libellule
Resp_143;tique
Resp_143;puce
Resp_143;puceron
Resp_143;gendarme
Resp_144;guepe
Resp_144;abeille
Resp_144;mouche
Resp_144;puce
Resp_144;puceron
Resp_144;criquet
Resp_144;libellule
Resp_144;bourdon
Resp_144;coccinelle
Resp_144;taon
Resp_145;mante_religieuse
Resp_145;fourmi
Resp_145;sauterelle
Resp_145;coccinelle
Resp_145;cafard
Resp_145;mouche
Resp_145;moustique
Resp_145;guepe
Resp_145;abeille
Resp_145;mouche_tse_tse
Resp_145;moustique_du_chikungunya
Resp_146;mouche
Resp_146;guepe
Resp_146;frelon
Resp_146;abeille
Resp_146;coccinelle
Resp_146;fourmi
Resp_146;puceron
Resp_146;papillon
Resp_146;cafard
Resp_146;blatte
Resp_146;punaise
Resp_146;phasme
Resp_146;sauterelle
Resp_146;mite
Resp_146;ephemere
Resp_146;libellule
Resp_146;bourdon
Resp_146;gendarme
Resp_146;coleoptere
Resp_147;abeille
Resp_147;fourmi
Resp_147;drosophile
Resp_147;mouche
Resp_147;frelon
Resp_147;bourdon
Resp_147;cloporte
Resp_147;vers_a_soie
Resp_147;ver_de_terre
Resp_147;puceron
Resp_147;coccinelle
Resp_147;papillon
Resp_147;libellule
Resp_147;moustique
Resp_147;scarabee
Resp_148;abeille
Resp_148;guepe
Resp_148;moustique
Resp_148;scarabee
Resp_148;mouche
Resp_148;sauterelle
Resp_148;papillon
Resp_148;araignee
Resp_148;cafard
Resp_148;frelon
Resp_148;bourdon
Resp_148;grillon
Resp_148;cigale
Resp_148;moucheron
Resp_148;puce
Resp_148;chenille
Resp_149;moustique
Resp_149;fourmi
Resp_149;chenille
Resp_149;papillon
Resp_149;libellule
Resp_149;cousin
Resp_149;bousier
Resp_149;scarabee
Resp_149;abeille
Resp_149;guepe
Resp_149;frelon
Resp_149;aoutat
Resp_149;taon
Resp_149;charançon
Resp_149;pince_oreilles
Resp_149;cigale
Resp_149;grillon
Resp_149;sauterelle
Resp_149;mante_religieuse
Resp_149;coccinelle
Resp_149;mille_pattes
Resp_150;abeille
Resp_150;coccinelle
Resp_150;fourmi
Resp_150;cafard
Resp_150;scarabee
Resp_150;papillon
Resp_150;chenille
Resp_150;guepe
Resp_150;grillon
Resp_150;mouche
Resp_150;larve
Resp_150;mille_pattes
Resp_150;moustique
Resp_151;cafard
Resp_151;gendarme
Resp_151;fourmi
Resp_151;asticot
Resp_151;grillon
Resp_151;mouche
Resp_151;coccinelle
Resp_151;larve
Resp_151;moustique
Resp_151;bourdon
Resp_152;criquet
Resp_152;coccinelle
Resp_152;mante_religieuse
Resp_152;cafard
Resp_152;araignee
Resp_152;papillon
Resp_152;mouche
Resp_152;abeille
Resp_152;fourmi
Resp_152;grillon
Resp_152;cigale
Resp_152;sauterelle
Resp_152;blatte
Resp_152;libellule
Resp_152;ver_de_terre
Resp_153;papillon
Resp_153;moustique
Resp_153;mouche
Resp_153;abeille
Resp_153;libellule
Resp_153;coccinelle
Resp_153;cafard
Resp_154;cafard
Resp_154;mouche
Resp_154;abeille
Resp_154;guepe
Resp_154;fourmi
Resp_154;scarabee
Resp_154;mille_pattes
Resp_154;luciole
Resp_154;papillon
Resp_154;chenille
Resp_155;moustique
Resp_155;araignee
Resp_155;cousin
Resp_155;blatte
Resp_155;cafard
Resp_155;papillon
Resp_155;chenille
Resp_155;gendarme
Resp_155;fourmi
Resp_155;fourmi_rouge
Resp_155;mille_pattes
Resp_155;abeille
Resp_155;guepe
Resp_155;frelon
Resp_155;bourdon
Resp_155;mouche
Resp_155;punaise
Resp_155;libellule
Resp_156;ver_de_terre
Resp_156;mille_pattes
Resp_156;moustique
Resp_156;cousin
Resp_156;faucheuse
Resp_156;mygale
Resp_156;veuve_noire
Resp_156;termite
Resp_156;cigale
Resp_156;criquet
Resp_156;mouche
Resp_156;drosophile
Resp_156;pou
Resp_156;tique
Resp_157;fourmi
Resp_157;scarabee
Resp_157;coleoptere
Resp_157;cloporte
Resp_157;cafard
Resp_157;mite
Resp_157;papillon
Resp_157;guepe
Resp_157;bourdon
Resp_157;abeille
Resp_158;araignee
Resp_158;cafard
Resp_158;mouche
Resp_158;blatte
Resp_158;termite
Resp_158;fourmi
Resp_158;guepe
Resp_158;bourdon
Resp_158;abeille
Resp_158;puceron
Resp_158;frelon
Resp_158;papillon
Resp_158;gendarme
Resp_158;grillon
Resp_158;sauterelle
Resp_158;criquet
Resp_158;phalene
Resp_158;moustique
Resp_159;coccinelle
Resp_159;fourmi
Resp_159;drosophile
Resp_159;mante_religieuse
Resp_159;cigale
Resp_159;libellule
Resp_159;papillon
Resp_159;limace
Resp_159;larve
Resp_159;blatte
Resp_159;cafard
Resp_159;tique
Resp_159;aoutat
Resp_159;moucheron
Resp_159;mouche
Resp_159;ver_de_terre
Resp_159;gendarme
Resp_159;criquet
Resp_159;grillon
Resp_160;mouche
Resp_160;moustique
Resp_160;abeille
Resp_160;chenille
Resp_160;limace
Resp_160;mante_religieuse
Resp_160;ver
Resp_160;termite
Resp_160;papillon
Resp_160;cafard
Resp_160;tique
Resp_160;larve
Resp_160;libellule
Resp_160;drosophile
Resp_160;criquet
Resp_160;gendarme
Resp_160;araignee
Resp_160;mouche_tse_tse
Resp_160;phalene
Resp_161;cafard
Resp_161;abeille
Resp_161;mouche
Resp_161;guepe
Resp_161;bourdon
Resp_161;papillon
Resp_161;araignee
Resp_161;blatte
Resp_161;libellule
Resp_161;mante_religieuse
Resp_161;moustique
Resp_161;fourmi
Resp_161;gendarme
Resp_161;coccinelle
Resp_162;araignee
Resp_162;limace
Resp_162;fourmi
Resp_162;cafard
Resp_162;mouche
Resp_162;moustique
Resp_162;mante_religieuse
Resp_162;coccinelle
Resp_162;mille_pattes
Resp_162;escargot
Resp_162;morpion
Resp_162;grillon
Resp_162;criquet
Resp_162;mygale
Resp_162;ver
Resp_162;papillon
Resp_163;mouche
Resp_163;cigale
Resp_163;fourmi
Resp_163;trypanosome
Resp_163;anophele_aegyptis
Resp_163;mouche_tse_tse
Resp_163;abeille
Resp_163;guepe
Resp_163;cafard
Resp_163;gendarme
Resp_163;criquet
Resp_163;araignee
Resp_163;mygale
Resp_163;phalene
Resp_163;sauterelle
Resp_164;mouche
Resp_164;scarabee
Resp_164;fourmi
Resp_164;puceron
Resp_164;araignee
Resp_164;scolopendre
Resp_164;mille_pattes
Resp_164;puce
Resp_164;moustique
Resp_165;mille_pattes
Resp_165;pince_oreilles
Resp_165;scarabee
Resp_165;moustique
Resp_165;araignee
Resp_166;fourmi
Resp_166;araignee
Resp_166;moucheron
Resp_166;pince_oreilles
Resp_166;puce
Resp_166;tique
Resp_166;gendarme
Resp_167;moustique
Resp_167;araignee
Resp_167;cousin
Resp_167;blatte
Resp_167;cafard
Resp_167;papillon
Resp_167;chenille
Resp_167;gendarme
Resp_167;fourmi
Resp_167;fourmi_rouge
Resp_167;mille_pattes
Resp_167;abeille
Resp_167;guepe
Resp_167;frelon
Resp_167;bourdon
Resp_167;mouche
Resp_167;punaise
Resp_167;libellule
Resp_168;mille_pattes
Resp_168;araignee
Resp_168;papillon
Resp_168;fourmi
Resp_168;gendarme
Resp_168;ver_de_terre
Resp_168;abeille
Resp_168;moustique
Resp_168;libellule
Resp_168;cafard
Resp_168;mouche
Resp_168;drosophile
Resp_168;luciole
Resp_168;larve
Resp_168;coleoptere
Resp_169;mouche
Resp_169;abeille
Resp_169;moustique
Resp_169;bourdon
Resp_170;coccinelle
Resp_170;fourmi
Resp_170;scolopendre
Resp_170;scarabee
Resp_170;cloporte
Resp_170;chenille
Resp_170;papillon
Resp_170;mite
Resp_170;puce
Resp_170;pou
Resp_170;sauterelle
Resp_170;pince_oreilles
Resp_170;puce_de_sable
Resp_170;grillon
Resp_171;fourmi
Resp_171;guepe
Resp_171;ver
Resp_171;cafard
Resp_171;sauterelle
Resp_171;grillon
Resp_171;luciole
Resp_171;libellule
Resp_171;escargot
Resp_172;abeille
Resp_172;mante_religieuse
Resp_172;araignee
Resp_172;scarabee
Resp_172;libellule
Resp_172;araignee_d'eau
Resp_172;moucheron
Resp_172;tique
Resp_172;fourmi
Resp_173;fourmi
Resp_173;cigale
Resp_173;capricorne
Resp_173;araignee
Resp_173;mante_religieuse
Resp_173;scarabee
Resp_173;scolopendre
Resp_173;scorpion
Resp_173;moustique
Resp_173;mouche
Resp_173;guepe
Resp_173;frelon
Resp_173;abeille
Resp_173;moucheron
Resp_173;tique
Resp_173;puce
Resp_173;phasme
Resp_173;coccinelle
Resp_173;termite
Resp_173;mite
Resp_173;punaise
Resp_174;cafard
Resp_174;fourmi
Resp_174;scarabee
Resp_174;mouche
Resp_174;puceron
Resp_174;moustique
Resp_174;termite
Resp_174;coccinelle
Resp_174;abeille
Resp_174;guepe
Resp_174;frelon
Resp_175;libellule
Resp_175;fourmi
Resp_175;mouche
Resp_175;abeille
Resp_175;guepe
Resp_175;criquet
Resp_175;blatte
Resp_175;cafard
Resp_175;taon
Resp_175;moucheron
Resp_175;mille_pattes
Resp_175;moustique
Resp_175;frelon
Resp_176;abeille
Resp_176;papillon
Resp_176;escargot
Resp_176;fourmi
Resp_176;ver_de_terre
Resp_176;moustique
Resp_176;mouche
Resp_177;ver_de_terre
Resp_177;pince_oreilles
Resp_177;puce
Resp_177;tique
Resp_177;scarabee
Resp_177;gendarme
Resp_177;cloporte
Resp_177;coccinelle
Resp_177;taon
Resp_177;abeille
Resp_177;mouche
Resp_177;punaise
Resp_178;sauterelle
Resp_178;ver_de_terre
Resp_178;araignee
Resp_178;mouche
Resp_178;coccinelle
Resp_178;gendarme
Resp_178;punaise
Resp_178;moustique
Resp_178;fourmi
Resp_178;chenille
Resp_178;abeille
Resp_178;guepe
Resp_178;mille_pattes
Resp_178;papillon
Resp_178;asticot
Resp_178;cafard
Resp_179;fourmi
Resp_179;araignee
Resp_179;moustique
Resp_179;mouche
Resp_179;cafard
Resp_179;blatte
Resp_179;mante_religieuse
Resp_179;phasme
Resp_179;scarabee
Resp_179;mille_pattes
Resp_179;chenille
Resp_179;papillon
Resp_179;sauterelle
Resp_179;grillon
Resp_179;cloporte
Resp_179;ver
Resp_179;termite
Resp_179;tique
Resp_179;puce
Resp_179;libellule
Resp_179;abeille
Resp_179;guepe
Resp_179;frelon
Resp_180;libellule
Resp_180;moustique
Resp_180;fourmi
Resp_180;coccinelle
Resp_180;araignee
Resp_180;cafard
Resp_180;blatte
Resp_180;luciole
Resp_181;papillon
Resp_181;mouche
Resp_181;fourmi
Resp_181;libellule
Resp_181;cafard
Resp_182;araignee
Resp_182;mille_pattes
Resp_182;coccinelle
Resp_182;gendarme
Resp_182;cousin
Resp_182;moustique
Resp_182;papillon
Resp_182;abeille
Resp_182;guepe
Resp_182;ver_de_terre
Resp_183;cafard
Resp_183;mouche
Resp_183;pince_oreilles
Resp_183;araignee
Resp_183;ver_de_terre
Resp_183;limace
Resp_183;sangsue
Resp_183;blatte
Resp_183;cigale
Resp_183;coleoptere
Resp_184;pou
Resp_184;pince_oreilles
Resp_184;cafard
Resp_184;moustique
Resp_184;blatte
Resp_184;mouche
Resp_184;moucheron
Resp_184;fourmi
Resp_184;abeille
Resp_184;guepe
Resp_184;cloporte
Resp_184;mille_pattes
Resp_184;tique
Resp_185;tique
Resp_185;moustique
Resp_185;mouche
Resp_186;araignee
Resp_186;blatte
Resp_186;fourmi
Resp_186;tique
Resp_186;puce
Resp_186;coleoptere
Resp_186;scarabee
Resp_186;guepe
Resp_186;abeille
Resp_186;papillon
Resp_186;cafard
Resp_186;mouche
Resp_186;moucheron
Resp_186;sangsue
Resp_186;moustique
Resp_186;pou
Resp_186;cousin
Resp_186;frelon
Resp_186;bourdon
Resp_186;mante_religieuse
Resp_186;criquet
Resp_186;grillon
Resp_186;sauterelle
Resp_186;cigale
Resp_186;libellule
Resp_187;fourmi
Resp_187;cafard
Resp_187;veuve_noire
Resp_187;mygale
Resp_187;scolopendre
Resp_187;pompile
Resp_187;scarabee
Resp_187;pince_oreilles
Resp_187;mouche
Resp_187;abeille
Resp_187;moustique
Resp_187;cousin
Resp_187;frelon
Resp_187;guepe
Resp_187;araignee
Resp_188;fourmi
Resp_188;cloporte
Resp_188;cafard
Resp_188;blatte
Resp_188;pince_oreilles
Resp_188;mante_religieuse
Resp_189;fourmi
Resp_189;veuve_noire
Resp_189;gendarme
Resp_189;ver_de_terre
Resp_189;abeille
Resp_189;guepe
Resp_189;frelon
Resp_189;araignee
Resp_189;cloporte
Resp_189;puce
Resp_189;mante_religieuse
Resp_189;papillon
Resp_189;ver
Resp_189;sauterelle
Resp_189;grillon
Resp_189;mouche
Resp_190;punaise
Resp_190;pou
Resp_190;moustique
Resp_190;fourmi
Resp_190;scarabee
Resp_190;pince_oreilles
Resp_190;coccinelle
Resp_190;cafard
Resp_190;guepe
Resp_190;abeille
Resp_190;mouche
Resp_190;limace
Resp_190;papillon
Resp_190;chenille
Resp_191;fourmi
Resp_191;mouche
Resp_191;mouche_tse_tse
Resp_191;scarabee
Resp_191;cafard
Resp_191;guepe
Resp_191;abeille
Resp_191;limace
Resp_191;papillon
Resp_192;abeille
Resp_192;moustique
Resp_192;guepe
Resp_192;frelon
Resp_192;cafard
Resp_192;cloporte
Resp_192;mante_religieuse
Resp_192;libellule
Resp_192;mouche
Resp_192;moucheron
Resp_192;fourmi
Resp_192;termite
Resp_192;bourdon
Resp_193;cafard
Resp_193;fourmi
Resp_193;araignee
Resp_193;abeille
Resp_193;guepe
Resp_193;chenille
Resp_193;cousin
Resp_193;moustique
Resp_193;gendarme
Resp_193;mante_religieuse
Resp_193;papillon
Resp_193;sangsue
Resp_193;mille_pattes
Resp_193;pince_oreilles
Resp_193;tique
Resp_194;fourmi
Resp_194;cafard
Resp_194;papillon
Resp_194;mouche
Resp_194;abeille
Resp_194;frelon
Resp_194;bourdon
Resp_194;araignee
Resp_194;mille_pattes
Resp_194;ver
Resp_195;cafard
Resp_195;morpion
Resp_195;fourmi
Resp_195;araignee
Resp_195;scorpion
Resp_195;coccinelle
Resp_195;gendarme
Resp_195;pou
Resp_195;blatte
Resp_195;ver_de_terre
Resp_195;asticot
Resp_195;scarabee
Resp_196;mouche
Resp_196;cafard
Resp_196;moustique
Resp_196;larve
Resp_196;sauterelle
Resp_196;abeille
Resp_196;coccinelle
Resp_196;araignee
Resp_196;cousin
Resp_196;mille_pattes
Resp_196;scarabee
Resp_196;pince_oreilles
Resp_196;cigale
Resp_196;mygale
Resp_197;mouche
Resp_197;moustique
Resp_197;guepe
Resp_197;frelon
Resp_197;abeille
Resp_197;scolopendre
Resp_197;ver_de_terre
Resp_197;araignee
Resp_197;mygale
Resp_197;sauterelle
Resp_197;criquet
Resp_197;cafard
Resp_197;luciole
Resp_197;papillon
Resp_197;fourmi
Resp_197;scarabee
