ID_Resp;Taxon
Resp_2012_001;fourmi
Resp_2012_001;abeille
Resp_2012_001;papillon
Resp_2012_001;chenille
Resp_2012_001;ver_de_terre
Resp_2012_001;mouche
Resp_2012_001;moustique
Resp_2012_001;frelon
Resp_2012_001;mante_religieuse
Resp_2012_001;araignee
Resp_2012_001;mygale
Resp_2012_001;guepe
Resp_2012_001;cafard
Resp_2012_001;termite
Resp_2012_001;cigale
Resp_2012_002;mouche
Resp_2012_002;criquet
Resp_2012_002;coleoptere
Resp_2012_002;hanneton
Resp_2012_002;mante_religieuse
Resp_2012_002;abeille
Resp_2012_002;guepe
Resp_2012_002;cigale
Resp_2012_002;fourmi
Resp_2012_003;araignee
Resp_2012_003;guepe
Resp_2012_003;moustique
Resp_2012_003;abeille
Resp_2012_003;coleoptere
Resp_2012_003;scarabee
Resp_2012_003;mouche
Resp_2012_003;sauterelle
Resp_2012_003;coccinelle
Resp_2012_003;bourdon
Resp_2012_003;fourmi
Resp_2012_003;mille_pattes
Resp_2012_003;chenille
Resp_2012_003;perce_oreille
Resp_2012_003;frelon
Resp_2012_003;libellule
Resp_2012_003;scorpion
Resp_2012_003;ver_de_terre
Resp_2012_003;escargot
Resp_2012_003;limace
Resp_2012_004;ver_de_terre
Resp_2012_004;scarabee
Resp_2012_004;cafard
Resp_2012_004;libellule
Resp_2012_004;moustique
Resp_2012_004;mouche
Resp_2012_004;termite
Resp_2012_004;blatte
Resp_2012_004;criquet
Resp_2012_004;papillon
Resp_2012_004;fourmi
Resp_2012_005;abeille
Resp_2012_005;guepe
Resp_2012_005;frelon
Resp_2012_005;sauterelle
Resp_2012_005;criquet
Resp_2012_005;grillon
Resp_2012_005;cigale
Resp_2012_005;fourmi
Resp_2012_005;mouche
Resp_2012_005;moustique
Resp_2012_005;libellule
Resp_2012_005;papillon
Resp_2012_005;chenille
Resp_2012_005;puce
Resp_2012_005;tique
Resp_2012_005;moucheron
Resp_2012_005;scarabee
Resp_2012_005;coccinelle
Resp_2012_005;scorpion
Resp_2012_006;fourmi
Resp_2012_006;libellule
Resp_2012_006;papillon
Resp_2012_006;abeille
Resp_2012_006;guepe
Resp_2012_006;mante_religieuse
Resp_2012_006;asticot
Resp_2012_006;grillon
Resp_2012_006;cigale
Resp_2012_006;mouche
Resp_2012_006;araignee
Resp_2012_007;moustique
Resp_2012_007;mouche
Resp_2012_007;araignee
Resp_2012_007;cafard
Resp_2012_007;sauterelle
Resp_2012_007;fourmi
Resp_2012_007;cousin
Resp_2012_007;perce_oreille
Resp_2012_007;gendarme
Resp_2012_007;asticot
Resp_2012_007;papillon
Resp_2012_007;abeille
Resp_2012_007;guepe
Resp_2012_007;bourdon
Resp_2012_008;libellule
Resp_2012_008;papillon
Resp_2012_008;cafard
Resp_2012_008;mouche
Resp_2012_008;moustique
Resp_2012_008;cousin
Resp_2012_008;mite
Resp_2012_008;termite
Resp_2012_008;coccinelle
Resp_2012_008;mante_religieuse
Resp_2012_008;moucheron
Resp_2012_008;fourmi_rouge
Resp_2012_008;fourmi_noire
Resp_2012_008;scarabee
Resp_2012_008;phasme
Resp_2012_008;cloporte
Resp_2012_009;fourmi
Resp_2012_009;sauterelle
Resp_2012_009;chenille
Resp_2012_009;mille_pattes
Resp_2012_009;perce_oreille
Resp_2012_009;cloporte
Resp_2012_009;cafard
Resp_2012_009;blatte
Resp_2012_009;papillon
Resp_2012_009;mouche
Resp_2012_009;guepe
Resp_2012_009;punaise
Resp_2012_009;bousier
Resp_2012_009;scarabee
Resp_2012_010;mouche
Resp_2012_010;moustique
Resp_2012_010;guepe
Resp_2012_010;scarabee
Resp_2012_010;abeille
Resp_2012_010;scorpion
Resp_2012_010;blatte
Resp_2012_010;cafard
Resp_2012_010;papillon
Resp_2012_010;mille_pattes
Resp_2012_010;chenille
Resp_2012_010;ver_de_terre
Resp_2012_010;punaise
Resp_2012_010;bourdon
Resp_2012_010;taon
Resp_2012_010;frelon
Resp_2012_010;limace
Resp_2012_011;coccinelle
Resp_2012_011;hanneton
Resp_2012_011;cafard
Resp_2012_011;papillon
Resp_2012_011;chenille
Resp_2012_011;sauterelle
Resp_2012_011;mante_religieuse
Resp_2012_011;moustique
Resp_2012_011;mouche
Resp_2012_011;guepe
Resp_2012_011;abeille
Resp_2012_011;bourdon
Resp_2012_011;carabe
Resp_2012_011;fourmi
Resp_2012_011;termite
Resp_2012_011;blatte
Resp_2012_011;moucheron
Resp_2012_011;criquet
Resp_2012_011;grillon
Resp_2012_011;cigale
Resp_2012_011;bousier
Resp_2012_011;scarabee
Resp_2012_011;gendarme
Resp_2012_012;mouche
Resp_2012_012;cafard
Resp_2012_012;araignee
Resp_2012_012;blatte
Resp_2012_012;abeille
Resp_2012_012;moustique
Resp_2012_012;coccinelle
Resp_2012_012;cloporte
Resp_2012_012;mille_pattes
Resp_2012_012;fourmi
Resp_2012_012;papillon
Resp_2012_012;ver_de_terre
Resp_2012_013;cousin
Resp_2012_013;mouche
Resp_2012_013;araignee
Resp_2012_013;mygale
Resp_2012_013;puce
Resp_2012_013;moustique
Resp_2012_013;tique
Resp_2012_013;taon
Resp_2012_014;araignee
Resp_2012_014;mouche
Resp_2012_014;moustique
Resp_2012_014;papillon
Resp_2012_014;guepe
Resp_2012_014;abeille
Resp_2012_014;moucheron
Resp_2012_014;bourdon
Resp_2012_014;punaise
Resp_2012_014;fourmi
Resp_2012_014;mante_religieuse
Resp_2012_014;gendarme
Resp_2012_015;puce
Resp_2012_015;ver
Resp_2012_015;araignee
Resp_2012_015;papillon
Resp_2012_015;abeille
Resp_2012_015;fourmi
Resp_2012_015;termite
Resp_2012_015;mouche
Resp_2012_015;sauterelle
Resp_2012_015;cigale
Resp_2012_016;mante_religieuse
Resp_2012_016;scarabee
Resp_2012_016;gendarme
Resp_2012_016;coccinelle
Resp_2012_016;moustique
Resp_2012_016;mouche
Resp_2012_016;cousin
Resp_2012_016;fourmi
Resp_2012_016;scolopendre
Resp_2012_016;cafard
Resp_2012_016;guepe
Resp_2012_017;fourmi
Resp_2012_017;araignee
Resp_2012_017;coccinelle
Resp_2012_017;abeille
Resp_2012_017;guepe
Resp_2012_017;bourdon
Resp_2012_017;mouche
Resp_2012_017;moustique
Resp_2012_017;frelon
Resp_2012_017;taon
Resp_2012_017;mite
Resp_2012_017;termite
Resp_2012_017;cafard
Resp_2012_017;moucheron
Resp_2012_017;libellule
Resp_2012_018;fourmi
Resp_2012_018;mouche
Resp_2012_018;scarabee
Resp_2012_018;coleoptere
Resp_2012_018;coccinelle
Resp_2012_018;dytique
Resp_2012_018;araignee
Resp_2012_018;scorpion
Resp_2012_018;libellule
Resp_2012_018;frelon
Resp_2012_018;guepe
Resp_2012_018;taon
Resp_2012_018;sphinx
Resp_2012_018;punaise
Resp_2012_018;faucheux
Resp_2012_019;mouche
Resp_2012_019;blatte
Resp_2012_019;cafard
Resp_2012_019;fourmi
Resp_2012_019;moustique
Resp_2012_019;gendarme
Resp_2012_019;araignee
Resp_2012_019;libellule
Resp_2012_019;abeille
Resp_2012_019;bourdon
Resp_2012_019;criquet
Resp_2012_019;sauterelle
Resp_2012_020;mouche
Resp_2012_020;moustique
Resp_2012_020;sauterelle
Resp_2012_020;punaise
Resp_2012_020;drosophile
Resp_2012_020;libellule
Resp_2012_020;criquet
Resp_2012_020;fourmi
Resp_2012_020;abeille
Resp_2012_020;puce
Resp_2012_020;cafard
Resp_2012_020;papillon
Resp_2012_021;papillon
Resp_2012_021;sauterelle
Resp_2012_021;coccinelle
Resp_2012_021;mante_religieuse
Resp_2012_021;phasme
Resp_2012_021;mouche
Resp_2012_021;libellule
Resp_2012_021;coleoptere
Resp_2012_021;taon
Resp_2012_021;abeille
Resp_2012_021;bourdon
Resp_2012_021;mouche_plate
Resp_2012_021;moustique
Resp_2012_022;cloporte
Resp_2012_022;papillon
Resp_2012_022;abeille
Resp_2012_022;fourmi
Resp_2012_022;bourdon
Resp_2012_022;moustique
Resp_2012_022;mouche
Resp_2012_022;coccinelle
Resp_2012_022;sauterelle
Resp_2012_022;grillon
Resp_2012_022;fourmi_rouge
Resp_2012_022;puce
Resp_2012_022;moucheron
Resp_2012_023;coccinelle
Resp_2012_023;phasme
Resp_2012_023;sauterelle
Resp_2012_023;criquet
Resp_2012_023;mouche
Resp_2012_023;papillon
Resp_2012_023;puce
Resp_2012_023;punaise
Resp_2012_023;gendarme
Resp_2012_023;mante_religieuse
Resp_2012_023;moustique
Resp_2012_024;mouche
Resp_2012_024;moustique
Resp_2012_024;cafard
Resp_2012_024;araignee
Resp_2012_024;guepe
Resp_2012_024;abeille
Resp_2012_024;chenille
Resp_2012_025;ver_de_terre
Resp_2012_025;fourmi
Resp_2012_025;punaise
Resp_2012_025;araignee_d'eau
Resp_2012_025;scarabee
Resp_2012_025;limace
Resp_2012_025;mouche
Resp_2012_025;guepe
Resp_2012_025;araignee
Resp_2012_025;libellule
Resp_2012_025;bourdon
Resp_2012_025;cafard
Resp_2012_025;lepisme
Resp_2012_025;gendarme
Resp_2012_025;papillon
Resp_2012_026;mouche
Resp_2012_026;abeille
Resp_2012_026;coccinelle
Resp_2012_027;araignee
Resp_2012_027;moustique
Resp_2012_027;guepe
Resp_2012_027;abeille
Resp_2012_027;mouche
Resp_2012_027;gendarme
Resp_2012_027;ver_de_terre
Resp_2012_027;coccinelle
Resp_2012_027;puceron
Resp_2012_027;papillon
Resp_2012_028;coccinelle
Resp_2012_028;moustique
Resp_2012_028;papillon
Resp_2012_028;mouche
Resp_2012_028;criquet
Resp_2012_028;cafard
Resp_2012_028;fourmi
Resp_2012_029;sauterelle
Resp_2012_029;papillon
Resp_2012_029;grillon
Resp_2012_029;criquet
Resp_2012_029;gendarme
Resp_2012_029;cloporte
Resp_2012_029;abeille
Resp_2012_029;chenille
Resp_2012_029;pou
Resp_2012_029;tique
Resp_2012_029;libellule
Resp_2012_029;araignee
Resp_2012_030;fourmi
Resp_2012_030;mouche
Resp_2012_030;moustique
Resp_2012_030;mante_religieuse
Resp_2012_030;araignee
Resp_2012_030;libellule
Resp_2012_030;papillon
Resp_2012_030;abeille
Resp_2012_030;guepe
Resp_2012_030;moucheron
Resp_2012_030;criquet
Resp_2012_031;mouche
Resp_2012_031;moustique
Resp_2012_031;abeille
Resp_2012_031;guepe
Resp_2012_031;fourmi
Resp_2012_031;libellule
Resp_2012_031;araignee
Resp_2012_031;frelon
Resp_2012_031;coccinelle
Resp_2012_031;papillon
Resp_2012_031;mille_pattes
Resp_2012_031;perce_oreille
Resp_2012_031;scarabee
Resp_2012_032;fourmi
Resp_2012_032;mouche
Resp_2012_032;abeille
Resp_2012_032;guepe
Resp_2012_032;taon
Resp_2012_032;pou
Resp_2012_032;termite
Resp_2012_032;papillon
Resp_2012_032;moustique
Resp_2012_032;araignee
Resp_2012_032;mille_pattes
Resp_2012_032;frelon
Resp_2012_032;puce
Resp_2012_032;mite
Resp_2012_032;coccinelle
Resp_2012_032;libellule
Resp_2012_033;araignee
Resp_2012_033;ver
Resp_2012_033;papillon
Resp_2012_033;mouche
Resp_2012_033;scarabee
Resp_2012_033;libellule
Resp_2012_033;moustique
Resp_2012_033;taon
Resp_2012_033;luciole
Resp_2012_033;abeille
Resp_2012_033;guepe
Resp_2012_033;cousin
Resp_2012_033;cafard
Resp_2012_033;mille_pattes
Resp_2012_033;chenille
Resp_2012_033;moucheron
Resp_2012_033;mouche_tse_tse
Resp_2012_034;mouche
Resp_2012_034;moustique
Resp_2012_034;libellule
Resp_2012_034;scarabee
Resp_2012_034;fourmi
Resp_2012_034;punaise
Resp_2012_034;cafard
Resp_2012_034;moucheron
Resp_2012_034;coccinelle
Resp_2012_035;scarabee
Resp_2012_035;mouche
Resp_2012_035;cigale
Resp_2012_035;ephemere
Resp_2012_035;fourmi
Resp_2012_035;abeille
Resp_2012_035;guepe
Resp_2012_035;puceron
Resp_2012_035;pou
Resp_2012_035;coccinelle
Resp_2012_035;papillon
Resp_2012_035;termite
Resp_2012_035;cafard
Resp_2012_036;abeille
Resp_2012_036;araignee
Resp_2012_036;fourmi
Resp_2012_036;bourdon
Resp_2012_036;taon
Resp_2012_036;ver_de_terre
Resp_2012_036;papillon
Resp_2012_036;grillon
Resp_2012_036;sauterelle
Resp_2012_036;mouche
Resp_2012_036;gendarme
Resp_2012_036;moustique
Resp_2012_036;cousin
Resp_2012_036;mille_pattes
Resp_2012_036;guepe
Resp_2012_036;coleoptere
Resp_2012_036;pou
Resp_2012_037;fourmi
Resp_2012_037;gendarme
Resp_2012_037;mouche
Resp_2012_037;guepe
Resp_2012_037;frelon
Resp_2012_037;abeille
Resp_2012_037;ver_de_terre
Resp_2012_037;puce
Resp_2012_037;puceron
Resp_2012_037;libellule
Resp_2012_037;perce_oreille
Resp_2012_037;moustique
Resp_2012_037;cousin
Resp_2012_037;scarabee
Resp_2012_037;ephemere
Resp_2012_037;araignee
Resp_2012_037;papillon
Resp_2012_037;coccinelle
Resp_2012_038;abeille
Resp_2012_038;mouche
Resp_2012_038;moustique
Resp_2012_038;guepe
Resp_2012_038;fourmi
Resp_2012_038;chenille
Resp_2012_038;frelon
Resp_2012_038;bourdon
Resp_2012_038;moucheron
Resp_2012_038;papillon
Resp_2012_039;coccinelle
Resp_2012_039;moustique
Resp_2012_039;mouche
Resp_2012_039;moucheron
Resp_2012_039;sauterelle
Resp_2012_039;mante_religieuse
Resp_2012_039;fourmi
Resp_2012_039;morpion
Resp_2012_039;papillon
Resp_2012_039;scarabee
Resp_2012_040;ver_de_terre
Resp_2012_040;scarabee
Resp_2012_040;fourmi
Resp_2012_040;mouche
Resp_2012_040;moustique
Resp_2012_040;puceron
Resp_2012_040;coccinelle
Resp_2012_040;cloporte
Resp_2012_040;gendarme
Resp_2012_040;libellule
Resp_2012_040;mille_pattes
Resp_2012_041;abeille
Resp_2012_041;moustique
Resp_2012_041;fourmi
Resp_2012_041;frelon
Resp_2012_041;bourdon
Resp_2012_041;libellule
Resp_2012_041;cloporte
Resp_2012_041;mouche
Resp_2012_041;moucheron
Resp_2012_041;coccinelle
Resp_2012_041;puceron
Resp_2012_041;guepe
Resp_2012_041;scarabee
Resp_2012_041;cousin
Resp_2012_041;papillon
Resp_2012_042;fourmi
Resp_2012_042;cafard
Resp_2012_042;papillon
Resp_2012_042;larve
Resp_2012_042;gendarme
Resp_2012_042;coccinelle
Resp_2012_042;grillon
Resp_2012_042;abeille
Resp_2012_042;guepe
Resp_2012_042;pou
Resp_2012_042;mygale
Resp_2012_042;blatte
Resp_2012_042;limace
Resp_2012_042;ver_de_terre
Resp_2012_042;mouche
Resp_2012_042;scorpion
Resp_2012_043;libellule
Resp_2012_043;sauterelle
Resp_2012_043;punaise
Resp_2012_043;scorpion
Resp_2012_043;abeille
Resp_2012_043;guepe
Resp_2012_043;bourdon
Resp_2012_043;chenille
Resp_2012_043;papillon
Resp_2012_043;luciole
Resp_2012_043;ver_de_terre
Resp_2012_043;fourmi
Resp_2012_043;cafard
Resp_2012_043;coccinelle
Resp_2012_043;moucheron
Resp_2012_044;fourmi
Resp_2012_044;cafard
Resp_2012_044;araignee
Resp_2012_044;coccinelle
Resp_2012_044;pou
Resp_2012_044;puce
Resp_2012_044;tique
Resp_2012_044;moustique
Resp_2012_044;guepe
Resp_2012_044;sauterelle
Resp_2012_045;mouche
Resp_2012_045;abeille
Resp_2012_045;libellule
Resp_2012_045;guepe
Resp_2012_045;bourdon
Resp_2012_045;mante_religieuse
Resp_2012_045;limace
Resp_2012_045;chenille
Resp_2012_045;escargot
Resp_2012_045;mille_pattes
Resp_2012_045;papillon
Resp_2012_045;cafard
Resp_2012_045;fourmi
Resp_2012_045;termite
Resp_2012_045;coccinelle
Resp_2012_045;punaise
Resp_2012_045;sauterelle
Resp_2012_045;moustique
Resp_2012_045;taon
Resp_2012_045;araignee
Resp_2012_046;fourmi
Resp_2012_046;coccinelle
Resp_2012_046;araignee
Resp_2012_046;mouche
Resp_2012_046;moustique
Resp_2012_046;puceron
Resp_2012_046;papillon
Resp_2012_046;libellule
Resp_2012_046;punaise
Resp_2012_046;pou
Resp_2012_046;puce
Resp_2012_046;tique
Resp_2012_046;sauterelle
Resp_2012_046;taon
Resp_2012_046;moucheron
Resp_2012_046;bousier
Resp_2012_047;fourmi
Resp_2012_047;coccinelle
Resp_2012_047;papillon
Resp_2012_047;mille_pattes
Resp_2012_047;abeille
Resp_2012_047;guepe
Resp_2012_047;frelon
Resp_2012_047;bourdon
Resp_2012_047;mouche
Resp_2012_047;gendarme
Resp_2012_047;taon
Resp_2012_047;cigale
Resp_2012_047;criquet
Resp_2012_047;grillon
Resp_2012_047;mante_religieuse
Resp_2012_047;cloporte
Resp_2012_047;termite
Resp_2012_047;punaise
Resp_2012_047;cafard
Resp_2012_047;scarabee
Resp_2012_048;mouche
Resp_2012_048;moustique
Resp_2012_048;drosophile
Resp_2012_048;gendarme
Resp_2012_048;fourmi
Resp_2012_048;cafard
Resp_2012_048;abeille
Resp_2012_048;guepe
Resp_2012_048;bourdon
Resp_2012_048;taon
Resp_2012_048;cousin
Resp_2012_048;moucheron
Resp_2012_049;mouche
Resp_2012_049;moustique
Resp_2012_049;abeille
Resp_2012_049;guepe
Resp_2012_049;sauterelle
Resp_2012_049;scarabee
Resp_2012_049;fourmi
Resp_2012_049;mille_pattes
Resp_2012_049;araignee
Resp_2012_049;papillon
Resp_2012_049;bourdon
Resp_2012_049;taon
Resp_2012_050;abeille
Resp_2012_050;mille_pattes
Resp_2012_050;fourmi
Resp_2012_050;araignee
Resp_2012_050;coccinelle
Resp_2012_050;papillon
Resp_2012_050;mante_religieuse
Resp_2012_050;scarabee
Resp_2012_051;cafard
Resp_2012_051;abeille
Resp_2012_051;mouche
Resp_2012_051;guepe
Resp_2012_051;frelon
Resp_2012_051;moustique
Resp_2012_051;cloporte
Resp_2012_051;punaise
Resp_2012_051;gendarme
Resp_2012_051;coccinelle
Resp_2012_051;puceron
Resp_2012_051;papillon
Resp_2012_051;libellule
Resp_2012_051;sauterelle
Resp_2012_051;criquet
Resp_2012_051;fourmi
Resp_2012_052;fourmi
Resp_2012_052;abeille
Resp_2012_052;guepe
Resp_2012_052;scorpion
Resp_2012_052;papillon
Resp_2012_052;frelon
Resp_2012_052;cafard
Resp_2012_052;scarabee
Resp_2012_052;coccinelle
Resp_2012_052;bourdon
Resp_2012_052;mante_religieuse
Resp_2012_052;puceron
Resp_2012_052;mouche
Resp_2012_052;moustique
Resp_2012_052;ephemere
Resp_2012_053;mouche
Resp_2012_053;scarabee
Resp_2012_053;moustique
Resp_2012_053;puceron
Resp_2012_053;fourmi
Resp_2012_053;gendarme
Resp_2012_053;coccinelle
Resp_2012_053;abeille
Resp_2012_053;taon
Resp_2012_053;guepe
Resp_2012_053;bourdon
Resp_2012_054;mouche
Resp_2012_054;coccinelle
Resp_2012_054;moustique
Resp_2012_054;libellule
Resp_2012_054;araignee
Resp_2012_054;ver
Resp_2012_054;moucheron
Resp_2012_054;fourmi
Resp_2012_054;scolopendre
Resp_2012_054;scarabee
Resp_2012_054;abeille
Resp_2012_054;guepe
Resp_2012_054;pou
Resp_2012_054;sauterelle
Resp_2012_054;papillon
Resp_2012_054;mille_pattes
Resp_2012_055;fourmi
Resp_2012_055;cloporte
Resp_2012_055;mante_religieuse
Resp_2012_055;araignee
Resp_2012_055;chenille
Resp_2012_055;coccinelle
Resp_2012_055;mouche
Resp_2012_055;guepe
Resp_2012_055;papillon
Resp_2012_055;frelon
Resp_2012_055;cigale
Resp_2012_055;capricorne
Resp_2012_056;cafard
Resp_2012_056;gendarme
Resp_2012_056;scarabee
Resp_2012_056;coccinelle
Resp_2012_056;fourmi
Resp_2012_056;mille_pattes
Resp_2012_056;perce_oreille
Resp_2012_056;papillon
Resp_2012_056;ephemere
Resp_2012_056;abeille
Resp_2012_056;guepe
Resp_2012_056;bourdon
Resp_2012_056;mante_religieuse
Resp_2012_056;moustique
Resp_2012_056;cousin
Resp_2012_056;libellule
Resp_2012_056;puceron
Resp_2012_056;puce
Resp_2012_056;pou
Resp_2012_057;fourmi
Resp_2012_057;libellule
Resp_2012_057;cigale
Resp_2012_057;araignee
Resp_2012_057;cafard
Resp_2012_057;moucheron
Resp_2012_057;mouche
Resp_2012_057;sauterelle
Resp_2012_057;coccinelle
Resp_2012_057;papillon
Resp_2012_057;blatte
Resp_2012_057;mante_religieuse
Resp_2012_057;abeille
Resp_2012_058;fourmi
Resp_2012_058;libellule
Resp_2012_058;cigale
Resp_2012_058;araignee
Resp_2012_058;cafard
Resp_2012_058;moucheron
Resp_2012_058;mouche
Resp_2012_058;sauterelle
Resp_2012_058;coccinelle
Resp_2012_058;papillon
Resp_2012_058;blatte
Resp_2012_058;mante_religieuse
Resp_2012_058;abeille
Resp_2012_059;scarabee
Resp_2012_059;fourmi
Resp_2012_059;grillon
Resp_2012_059;sauterelle
Resp_2012_059;ver
Resp_2012_059;papillon
Resp_2012_059;mante_religieuse
Resp_2012_059;bousier
Resp_2012_059;cafard
Resp_2012_059;libellule
Resp_2012_059;mille_pattes
Resp_2012_059;coccinelle
Resp_2012_060;moustique
Resp_2012_060;mouche
Resp_2012_060;moucheron
Resp_2012_060;cafard
Resp_2012_060;guepe
Resp_2012_060;libellule
Resp_2012_060;araignee
Resp_2012_060;abeille
Resp_2012_061;sauterelle
Resp_2012_061;cafard
Resp_2012_061;blatte
Resp_2012_061;mouche
Resp_2012_061;moustique
Resp_2012_061;papillon
Resp_2012_061;escargot
Resp_2012_061;limace
Resp_2012_061;scorpion
Resp_2012_061;abeille
Resp_2012_061;guepe
Resp_2012_061;mante_religieuse
Resp_2012_061;araignee
Resp_2012_062;fourmi
Resp_2012_062;araignee
Resp_2012_062;cafard
Resp_2012_062;mille_pattes
Resp_2012_062;coccinelle
Resp_2012_062;papillon
Resp_2012_062;abeille
Resp_2012_062;frelon
Resp_2012_062;bourdon
Resp_2012_062;guepe
Resp_2012_062;moustique
Resp_2012_062;cousin
Resp_2012_062;blatte
Resp_2012_062;mite
Resp_2012_062;mouche
Resp_2012_062;moucheron
Resp_2012_062;libellule
Resp_2012_062;tique
Resp_2012_062;puce
Resp_2012_062;puceron
Resp_2012_062;gendarme
Resp_2012_063;guepe
Resp_2012_063;abeille
Resp_2012_063;mouche
Resp_2012_063;puce
Resp_2012_063;puceron
Resp_2012_063;criquet
Resp_2012_063;libellule
Resp_2012_063;bourdon
Resp_2012_063;coccinelle
Resp_2012_063;taon
Resp_2012_064;mante_religieuse
Resp_2012_064;fourmi
Resp_2012_064;sauterelle
Resp_2012_064;coccinelle
Resp_2012_064;cafard
Resp_2012_064;mouche
Resp_2012_064;moustique
Resp_2012_064;guepe
Resp_2012_064;abeille
Resp_2012_064;mouche_tse_tse
Resp_2012_064;moustique_du_chikungunya
Resp_2012_065;mouche
Resp_2012_065;guepe
Resp_2012_065;frelon
Resp_2012_065;abeille
Resp_2012_065;coccinelle
Resp_2012_065;fourmi
Resp_2012_065;puceron
Resp_2012_065;papillon
Resp_2012_065;cafard
Resp_2012_065;blatte
Resp_2012_065;punaise
Resp_2012_065;phasme
Resp_2012_065;sauterelle
Resp_2012_065;mite
Resp_2012_065;ephemere
Resp_2012_065;libellule
Resp_2012_065;bourdon
Resp_2012_065;gendarme
Resp_2012_065;coleoptere
Resp_2012_066;abeille
Resp_2012_066;fourmi
Resp_2012_066;drosophile
Resp_2012_066;mouche
Resp_2012_066;frelon
Resp_2012_066;bourdon
Resp_2012_066;cloporte
Resp_2012_066;ver_a_soie
Resp_2012_066;ver_de_terre
Resp_2012_066;puceron
Resp_2012_066;coccinelle
Resp_2012_066;papillon
Resp_2012_066;libellule
Resp_2012_066;moustique
Resp_2012_066;scarabee
Resp_2012_067;abeille
Resp_2012_067;guepe
Resp_2012_067;moustique
Resp_2012_067;scarabee
Resp_2012_067;mouche
Resp_2012_067;sauterelle
Resp_2012_067;papillon
Resp_2012_067;araignee
Resp_2012_067;cafard
Resp_2012_067;frelon
Resp_2012_067;bourdon
Resp_2012_067;grillon
Resp_2012_067;cigale
Resp_2012_067;moucheron
Resp_2012_067;puce
Resp_2012_067;chenille
Resp_2012_068;moustique
Resp_2012_068;fourmi
Resp_2012_068;chenille
Resp_2012_068;papillon
Resp_2012_068;libellule
Resp_2012_068;cousin
Resp_2012_068;bousier
Resp_2012_068;scarabee
Resp_2012_068;abeille
Resp_2012_068;guepe
Resp_2012_068;frelon
Resp_2012_068;aoutat
Resp_2012_068;taon
Resp_2012_068;charançon
Resp_2012_068;perce_oreille
Resp_2012_068;cigale
Resp_2012_068;grillon
Resp_2012_068;sauterelle
Resp_2012_068;mante_religieuse
Resp_2012_068;coccinelle
Resp_2012_068;mille_pattes
Resp_2012_069;abeille
Resp_2012_069;coccinelle
Resp_2012_069;fourmi
Resp_2012_069;cafard
Resp_2012_069;scarabee
Resp_2012_069;papillon
Resp_2012_069;chenille
Resp_2012_069;guepe
Resp_2012_069;grillon
Resp_2012_069;mouche
Resp_2012_069;larve
Resp_2012_069;mille_pattes
Resp_2012_069;moustique
Resp_2012_070;cafard
Resp_2012_070;gendarme
Resp_2012_070;fourmi
Resp_2012_070;asticot
Resp_2012_070;grillon
Resp_2012_070;mouche
Resp_2012_070;coccinelle
Resp_2012_070;larve
Resp_2012_070;moustique
Resp_2012_070;bourdon
Resp_2012_071;criquet
Resp_2012_071;coccinelle
Resp_2012_071;mante_religieuse
Resp_2012_071;cafard
Resp_2012_071;araignee
Resp_2012_071;papillon
Resp_2012_071;mouche
Resp_2012_071;abeille
Resp_2012_071;fourmi
Resp_2012_071;grillon
Resp_2012_071;cigale
Resp_2012_071;sauterelle
Resp_2012_071;blatte
Resp_2012_071;libellule
Resp_2012_071;ver_de_terre
Resp_2012_072;papillon
Resp_2012_072;moustique
Resp_2012_072;mouche
Resp_2012_072;abeille
Resp_2012_072;libellule
Resp_2012_072;coccinelle
Resp_2012_072;cafard
Resp_2012_073;cafard
Resp_2012_073;mouche
Resp_2012_073;abeille
Resp_2012_073;guepe
Resp_2012_073;fourmi
Resp_2012_073;scarabee
Resp_2012_073;mille_pattes
Resp_2012_073;luciole
Resp_2012_073;papillon
Resp_2012_073;chenille
Resp_2012_074;moustique
Resp_2012_074;araignee
Resp_2012_074;cousin
Resp_2012_074;blatte
Resp_2012_074;cafard
Resp_2012_074;papillon
Resp_2012_074;chenille
Resp_2012_074;gendarme
Resp_2012_074;fourmi
Resp_2012_074;fourmi_rouge
Resp_2012_074;mille_pattes
Resp_2012_074;abeille
Resp_2012_074;guepe
Resp_2012_074;frelon
Resp_2012_074;bourdon
Resp_2012_074;mouche
Resp_2012_074;punaise
Resp_2012_074;libellule
Resp_2012_075;ver_de_terre
Resp_2012_075;mille_pattes
Resp_2012_075;moustique
Resp_2012_075;cousin
Resp_2012_075;faucheux
Resp_2012_075;mygale
Resp_2012_075;veuve_noire
Resp_2012_075;termite
Resp_2012_075;cigale
Resp_2012_075;criquet
Resp_2012_075;mouche
Resp_2012_075;drosophile
Resp_2012_075;pou
Resp_2012_075;tique
Resp_2012_076;fourmi
Resp_2012_076;scarabee
Resp_2012_076;coleoptere
Resp_2012_076;cloporte
Resp_2012_076;cafard
Resp_2012_076;mite
Resp_2012_076;papillon
Resp_2012_076;guepe
Resp_2012_076;bourdon
Resp_2012_076;abeille
Resp_2012_077;araignee
Resp_2012_077;cafard
Resp_2012_077;mouche
Resp_2012_077;blatte
Resp_2012_077;termite
Resp_2012_077;fourmi
Resp_2012_077;guepe
Resp_2012_077;bourdon
Resp_2012_077;abeille
Resp_2012_077;puceron
Resp_2012_077;frelon
Resp_2012_077;papillon
Resp_2012_077;gendarme
Resp_2012_077;grillon
Resp_2012_077;sauterelle
Resp_2012_077;criquet
Resp_2012_077;phalene
Resp_2012_077;moustique
Resp_2012_078;coccinelle
Resp_2012_078;fourmi
Resp_2012_078;drosophile
Resp_2012_078;mante_religieuse
Resp_2012_078;cigale
Resp_2012_078;libellule
Resp_2012_078;papillon
Resp_2012_078;limace
Resp_2012_078;larve
Resp_2012_078;blatte
Resp_2012_078;cafard
Resp_2012_078;tique
Resp_2012_078;aoutat
Resp_2012_078;moucheron
Resp_2012_078;mouche
Resp_2012_078;ver_de_terre
Resp_2012_078;gendarme
Resp_2012_078;criquet
Resp_2012_078;grillon
Resp_2012_079;mouche
Resp_2012_079;moustique
Resp_2012_079;abeille
Resp_2012_079;chenille
Resp_2012_079;limace
Resp_2012_079;mante_religieuse
Resp_2012_079;ver
Resp_2012_079;termite
Resp_2012_079;papillon
Resp_2012_079;cafard
Resp_2012_079;tique
Resp_2012_079;larve
Resp_2012_079;libellule
Resp_2012_079;drosophile
Resp_2012_079;criquet
Resp_2012_079;gendarme
Resp_2012_079;araignee
Resp_2012_079;mouche_tse_tse
Resp_2012_079;phalene
Resp_2012_080;cafard
Resp_2012_080;abeille
Resp_2012_080;mouche
Resp_2012_080;guepe
Resp_2012_080;bourdon
Resp_2012_080;papillon
Resp_2012_080;araignee
Resp_2012_080;blatte
Resp_2012_080;libellule
Resp_2012_080;mante_religieuse
Resp_2012_080;moustique
Resp_2012_080;fourmi
Resp_2012_080;gendarme
Resp_2012_080;coccinelle
Resp_2012_081;araignee
Resp_2012_081;limace
Resp_2012_081;fourmi
Resp_2012_081;cafard
Resp_2012_081;mouche
Resp_2012_081;moustique
Resp_2012_081;mante_religieuse
Resp_2012_081;coccinelle
Resp_2012_081;mille_pattes
Resp_2012_081;escargot
Resp_2012_081;morpion
Resp_2012_081;grillon
Resp_2012_081;criquet
Resp_2012_081;mygale
Resp_2012_081;ver
Resp_2012_081;papillon
Resp_2012_082;mouche
Resp_2012_082;cigale
Resp_2012_082;fourmi
Resp_2012_082;trypanosome
Resp_2012_082;anophele_aegyptis
Resp_2012_082;mouche_tse_tse
Resp_2012_082;abeille
Resp_2012_082;guepe
Resp_2012_082;cafard
Resp_2012_082;gendarme
Resp_2012_082;criquet
Resp_2012_082;araignee
Resp_2012_082;mygale
Resp_2012_082;phalene
Resp_2012_082;sauterelle
Resp_2012_083;mouche
Resp_2012_083;scarabee
Resp_2012_083;fourmi
Resp_2012_083;puceron
Resp_2012_083;araignee
Resp_2012_083;scolopendre
Resp_2012_083;mille_pattes
Resp_2012_083;puce
Resp_2012_083;moustique
Resp_2012_084;mille_pattes
Resp_2012_084;perce_oreille
Resp_2012_084;scarabee
Resp_2012_084;moustique
Resp_2012_084;araignee
Resp_2012_085;fourmi
Resp_2012_085;araignee
Resp_2012_085;moucheron
Resp_2012_085;perce_oreille
Resp_2012_085;puce
Resp_2012_085;tique
Resp_2012_085;gendarme
Resp_2012_086;moustique
Resp_2012_086;araignee
Resp_2012_086;cousin
Resp_2012_086;blatte
Resp_2012_086;cafard
Resp_2012_086;papillon
Resp_2012_086;chenille
Resp_2012_086;gendarme
Resp_2012_086;fourmi
Resp_2012_086;fourmi_rouge
Resp_2012_086;mille_pattes
Resp_2012_086;abeille
Resp_2012_086;guepe
Resp_2012_086;frelon
Resp_2012_086;bourdon
Resp_2012_086;mouche
Resp_2012_086;punaise
Resp_2012_086;libellule
Resp_2012_087;mille_pattes
Resp_2012_087;araignee
Resp_2012_087;papillon
Resp_2012_087;fourmi
Resp_2012_087;gendarme
Resp_2012_087;ver_de_terre
Resp_2012_087;abeille
Resp_2012_087;moustique
Resp_2012_087;libellule
Resp_2012_087;cafard
Resp_2012_087;mouche
Resp_2012_087;drosophile
Resp_2012_087;luciole
Resp_2012_087;larve
Resp_2012_087;coleoptere
Resp_2012_088;mouche
Resp_2012_088;abeille
Resp_2012_088;moustique
Resp_2012_088;bourdon
Resp_2012_089;coccinelle
Resp_2012_089;fourmi
Resp_2012_089;scolopendre
Resp_2012_089;scarabee
Resp_2012_089;cloporte
Resp_2012_089;chenille
Resp_2012_089;papillon
Resp_2012_089;mite
Resp_2012_089;puce
Resp_2012_089;pou
Resp_2012_089;sauterelle
Resp_2012_089;perce_oreille
Resp_2012_089;puce_des_sables
Resp_2012_089;grillon
Resp_2012_090;fourmi
Resp_2012_090;guepe
Resp_2012_090;ver
Resp_2012_090;cafard
Resp_2012_090;sauterelle
Resp_2012_090;grillon
Resp_2012_090;luciole
Resp_2012_090;libellule
Resp_2012_090;escargot
Resp_2012_091;abeille
Resp_2012_091;mante_religieuse
Resp_2012_091;araignee
Resp_2012_091;scarabee
Resp_2012_091;libellule
Resp_2012_091;araignee_d'eau
Resp_2012_091;moucheron
Resp_2012_091;tique
Resp_2012_091;fourmi
Resp_2012_092;fourmi
Resp_2012_092;cigale
Resp_2012_092;capricorne
Resp_2012_092;araignee
Resp_2012_092;mante_religieuse
Resp_2012_092;scarabee
Resp_2012_092;scolopendre
Resp_2012_092;scorpion
Resp_2012_092;moustique
Resp_2012_092;mouche
Resp_2012_092;guepe
Resp_2012_092;frelon
Resp_2012_092;abeille
Resp_2012_092;moucheron
Resp_2012_092;tique
Resp_2012_092;puce
Resp_2012_092;phasme
Resp_2012_092;coccinelle
Resp_2012_092;termite
Resp_2012_092;mite
Resp_2012_092;punaise
Resp_2012_093;cafard
Resp_2012_093;fourmi
Resp_2012_093;scarabee
Resp_2012_093;mouche
Resp_2012_093;puceron
Resp_2012_093;moustique
Resp_2012_093;termite
Resp_2012_093;coccinelle
Resp_2012_093;abeille
Resp_2012_093;guepe
Resp_2012_093;frelon
Resp_2012_094;libellule
Resp_2012_094;fourmi
Resp_2012_094;mouche
Resp_2012_094;abeille
Resp_2012_094;guepe
Resp_2012_094;criquet
Resp_2012_094;blatte
Resp_2012_094;cafard
Resp_2012_094;taon
Resp_2012_094;moucheron
Resp_2012_094;mille_pattes
Resp_2012_094;moustique
Resp_2012_094;frelon
Resp_2012_095;abeille
Resp_2012_095;papillon
Resp_2012_095;escargot
Resp_2012_095;fourmi
Resp_2012_095;ver_de_terre
Resp_2012_095;moustique
Resp_2012_095;mouche
Resp_2012_096;ver_de_terre
Resp_2012_096;perce_oreille
Resp_2012_096;puce
Resp_2012_096;tique
Resp_2012_096;scarabee
Resp_2012_096;gendarme
Resp_2012_096;cloporte
Resp_2012_096;coccinelle
Resp_2012_096;taon
Resp_2012_096;abeille
Resp_2012_096;mouche
Resp_2012_096;punaise
Resp_2012_097;sauterelle
Resp_2012_097;ver_de_terre
Resp_2012_097;araignee
Resp_2012_097;mouche
Resp_2012_097;coccinelle
Resp_2012_097;gendarme
Resp_2012_097;punaise
Resp_2012_097;moustique
Resp_2012_097;fourmi
Resp_2012_097;chenille
Resp_2012_097;abeille
Resp_2012_097;guepe
Resp_2012_097;mille_pattes
Resp_2012_097;papillon
Resp_2012_097;asticot
Resp_2012_097;cafard
Resp_2012_098;fourmi
Resp_2012_098;araignee
Resp_2012_098;moustique
Resp_2012_098;mouche
Resp_2012_098;cafard
Resp_2012_098;blatte
Resp_2012_098;mante_religieuse
Resp_2012_098;phasme
Resp_2012_098;scarabee
Resp_2012_098;mille_pattes
Resp_2012_098;chenille
Resp_2012_098;papillon
Resp_2012_098;sauterelle
Resp_2012_098;grillon
Resp_2012_098;cloporte
Resp_2012_098;ver
Resp_2012_098;termite
Resp_2012_098;tique
Resp_2012_098;puce
Resp_2012_098;libellule
Resp_2012_098;abeille
Resp_2012_098;guepe
Resp_2012_098;frelon
Resp_2012_099;libellule
Resp_2012_099;moustique
Resp_2012_099;fourmi
Resp_2012_099;coccinelle
Resp_2012_099;araignee
Resp_2012_099;cafard
Resp_2012_099;blatte
Resp_2012_099;luciole
Resp_2012_100;papillon
Resp_2012_100;mouche
Resp_2012_100;fourmi
Resp_2012_100;libellule
Resp_2012_100;cafard
Resp_2012_101;araignee
Resp_2012_101;mille_pattes
Resp_2012_101;coccinelle
Resp_2012_101;gendarme
Resp_2012_101;cousin
Resp_2012_101;moustique
Resp_2012_101;papillon
Resp_2012_101;abeille
Resp_2012_101;guepe
Resp_2012_101;ver_de_terre
Resp_2012_102;cafard
Resp_2012_102;mouche
Resp_2012_102;perce_oreille
Resp_2012_102;araignee
Resp_2012_102;ver_de_terre
Resp_2012_102;limace
Resp_2012_102;sangsue
Resp_2012_102;blatte
Resp_2012_102;cigale
Resp_2012_102;coleoptere
Resp_2012_103;pou
Resp_2012_103;perce_oreille
Resp_2012_103;cafard
Resp_2012_103;moustique
Resp_2012_103;blatte
Resp_2012_103;mouche
Resp_2012_103;moucheron
Resp_2012_103;fourmi
Resp_2012_103;abeille
Resp_2012_103;guepe
Resp_2012_103;cloporte
Resp_2012_103;mille_pattes
Resp_2012_103;tique
Resp_2012_104;tique
Resp_2012_104;moustique
Resp_2012_104;mouche
Resp_2012_105;araignee
Resp_2012_105;blatte
Resp_2012_105;fourmi
Resp_2012_105;tique
Resp_2012_105;puce
Resp_2012_105;coleoptere
Resp_2012_105;scarabee
Resp_2012_105;guepe
Resp_2012_105;abeille
Resp_2012_105;papillon
Resp_2012_105;cafard
Resp_2012_105;mouche
Resp_2012_105;moucheron
Resp_2012_105;sangsue
Resp_2012_105;moustique
Resp_2012_105;pou
Resp_2012_105;cousin
Resp_2012_105;frelon
Resp_2012_105;bourdon
Resp_2012_105;mante_religieuse
Resp_2012_105;criquet
Resp_2012_105;grillon
Resp_2012_105;sauterelle
Resp_2012_105;cigale
Resp_2012_105;libellule
Resp_2012_106;fourmi
Resp_2012_106;cafard
Resp_2012_106;veuve_noire
Resp_2012_106;mygale
Resp_2012_106;scolopendre
Resp_2012_106;pompile
Resp_2012_106;scarabee
Resp_2012_106;perce_oreille
Resp_2012_106;mouche
Resp_2012_106;abeille
Resp_2012_106;moustique
Resp_2012_106;cousin
Resp_2012_106;frelon
Resp_2012_106;guepe
Resp_2012_106;araignee
Resp_2012_107;fourmi
Resp_2012_107;cloporte
Resp_2012_107;cafard
Resp_2012_107;blatte
Resp_2012_107;perce_oreille
Resp_2012_107;mante_religieuse
Resp_2012_108;fourmi
Resp_2012_108;veuve_noire
Resp_2012_108;gendarme
Resp_2012_108;ver_de_terre
Resp_2012_108;abeille
Resp_2012_108;guepe
Resp_2012_108;frelon
Resp_2012_108;araignee
Resp_2012_108;cloporte
Resp_2012_108;puce
Resp_2012_108;mante_religieuse
Resp_2012_108;papillon
Resp_2012_108;ver
Resp_2012_108;sauterelle
Resp_2012_108;grillon
Resp_2012_108;mouche
Resp_2012_109;punaise
Resp_2012_109;pou
Resp_2012_109;moustique
Resp_2012_109;fourmi
Resp_2012_109;scarabee
Resp_2012_109;perce_oreille
Resp_2012_109;coccinelle
Resp_2012_109;cafard
Resp_2012_109;guepe
Resp_2012_109;abeille
Resp_2012_109;mouche
Resp_2012_109;limace
Resp_2012_109;papillon
Resp_2012_109;chenille
Resp_2012_110;fourmi
Resp_2012_110;mouche
Resp_2012_110;mouche_tse_tse
Resp_2012_110;scarabee
Resp_2012_110;cafard
Resp_2012_110;guepe
Resp_2012_110;abeille
Resp_2012_110;limace
Resp_2012_110;papillon
Resp_2012_111;abeille
Resp_2012_111;moustique
Resp_2012_111;guepe
Resp_2012_111;frelon
Resp_2012_111;cafard
Resp_2012_111;cloporte
Resp_2012_111;mante_religieuse
Resp_2012_111;libellule
Resp_2012_111;mouche
Resp_2012_111;moucheron
Resp_2012_111;fourmi
Resp_2012_111;termite
Resp_2012_111;bourdon
Resp_2012_112;cafard
Resp_2012_112;fourmi
Resp_2012_112;araignee
Resp_2012_112;abeille
Resp_2012_112;guepe
Resp_2012_112;chenille
Resp_2012_112;cousin
Resp_2012_112;moustique
Resp_2012_112;gendarme
Resp_2012_112;mante_religieuse
Resp_2012_112;papillon
Resp_2012_112;sangsue
Resp_2012_112;mille_pattes
Resp_2012_112;perce_oreille
Resp_2012_112;tique
Resp_2012_113;fourmi
Resp_2012_113;cafard
Resp_2012_113;papillon
Resp_2012_113;mouche
Resp_2012_113;abeille
Resp_2012_113;frelon
Resp_2012_113;bourdon
Resp_2012_113;araignee
Resp_2012_113;mille_pattes
Resp_2012_113;ver
Resp_2012_114;cafard
Resp_2012_114;morpion
Resp_2012_114;fourmi
Resp_2012_114;araignee
Resp_2012_114;scorpion
Resp_2012_114;coccinelle
Resp_2012_114;gendarme
Resp_2012_114;pou
Resp_2012_114;blatte
Resp_2012_114;ver_de_terre
Resp_2012_114;asticot
Resp_2012_114;scarabee
Resp_2012_115;mouche
Resp_2012_115;cafard
Resp_2012_115;moustique
Resp_2012_115;larve
Resp_2012_115;sauterelle
Resp_2012_115;abeille
Resp_2012_115;coccinelle
Resp_2012_115;araignee
Resp_2012_115;cousin
Resp_2012_115;mille_pattes
Resp_2012_115;scarabee
Resp_2012_115;perce_oreille
Resp_2012_115;cigale
Resp_2012_115;mygale
Resp_2012_116;mouche
Resp_2012_116;moustique
Resp_2012_116;guepe
Resp_2012_116;frelon
Resp_2012_116;abeille
Resp_2012_116;scolopendre
Resp_2012_116;ver_de_terre
Resp_2012_116;araignee
Resp_2012_116;mygale
Resp_2012_116;sauterelle
Resp_2012_116;criquet
Resp_2012_116;cafard
Resp_2012_116;luciole
Resp_2012_116;papillon
Resp_2012_116;fourmi
Resp_2012_116;scarabee
Resp_2017_001;fourmi
Resp_2017_001;moustique
Resp_2017_001;criquet
Resp_2017_001;araignee
Resp_2017_001;puce
Resp_2017_001;escargot
Resp_2017_001;pou
Resp_2017_001;pince oreille
Resp_2017_001;libellule
Resp_2017_001;luciole
Resp_2017_001;scorpion
Resp_2017_001;mouche
Resp_2017_001;papillon
Resp_2017_001;asticot
Resp_2017_002;libellule
Resp_2017_002;mouche
Resp_2017_002;mante religieuse
Resp_2017_002;aoutat
Resp_2017_002;tique
Resp_2017_002;araignee
Resp_2017_002;abeille
Resp_2017_002;guepe
Resp_2017_002;frelon
Resp_2017_002;taon
Resp_2017_002;fourmi
Resp_2017_002;fourmi rouge
Resp_2017_002;puce
Resp_2017_002;gendarme
Resp_2017_002;coccinelle
Resp_2017_002;bete d'orage
Resp_2017_002;cafard
Resp_2017_002;bourdon
Resp_2017_002;criquet
Resp_2017_002;coleoptere
Resp_2017_002;scarabee
Resp_2017_002;papillon
Resp_2017_002;chenille
Resp_2017_003;scarabee
Resp_2017_003;sauterelle
Resp_2017_003;coccinelle
Resp_2017_003;mouche
Resp_2017_003;cousin
Resp_2017_003;millepattes
Resp_2017_003;araignee
Resp_2017_003;moustiquetigre
Resp_2017_003;libellule
Resp_2017_003;limace
Resp_2017_003;scorpion
Resp_2017_003;cigale
Resp_2017_003;fourmi
Resp_2017_003;mite
Resp_2017_004;aoutat
Resp_2017_004;hanneton
Resp_2017_004;scarabee
Resp_2017_004;moustique
Resp_2017_004;taon
Resp_2017_004;guepe
Resp_2017_004;bourdon
Resp_2017_004;frelon
Resp_2017_004;abeille
Resp_2017_004;puce
Resp_2017_004;coccinelle
Resp_2017_004;mouche
Resp_2017_004;grillon
Resp_2017_004;criquet
Resp_2017_004;cigale
Resp_2017_004;puce de sable
Resp_2017_004;papillon
Resp_2017_004;libellule
Resp_2017_004;pou
Resp_2017_004;doryphore
Resp_2017_004;punaise
Resp_2017_004;tique
Resp_2017_005;guepe
Resp_2017_005;frelon
Resp_2017_005;moustique
Resp_2017_005;araignee
Resp_2017_005;mouche
Resp_2017_005;hanneton
Resp_2017_005;abeille
Resp_2017_005;sauterelle
Resp_2017_005;vers de terre
Resp_2017_005;libellule
Resp_2017_005;moucheron
Resp_2017_005;gendarme
Resp_2017_005;coccinelle
Resp_2017_006;araignee
Resp_2017_006;fourmi
Resp_2017_006;mouche
Resp_2017_006;moucheron
Resp_2017_006;sauterelle
Resp_2017_006;gendarme
Resp_2017_006;criquet
Resp_2017_006;coccinelle
Resp_2017_006;abeille
Resp_2017_006;guepe
Resp_2017_006;frelon
Resp_2017_006;mante religieuse
Resp_2017_006;phasme
Resp_2017_006;oiseau mouche
Resp_2017_006;punaise
Resp_2017_006;moustique
Resp_2017_006;papillon
Resp_2017_006;asticot
Resp_2017_006;vers de terre
Resp_2017_006;tique
Resp_2017_007;fourmi
Resp_2017_007;mouche
Resp_2017_007;moustique
Resp_2017_007;cafard
Resp_2017_007;blatte
Resp_2017_007;abeille
Resp_2017_007;guepe
Resp_2017_007;frelon
Resp_2017_007;araignee
Resp_2017_007;tique
Resp_2017_007;criquet
Resp_2017_007;sauterelle
Resp_2017_007;grillon
Resp_2017_008;araignee
Resp_2017_008;mygale
Resp_2017_008;tarentule
Resp_2017_008;araignee loup
Resp_2017_008;coleoptere
Resp_2017_008;coccinelle
Resp_2017_008;scarabee
Resp_2017_008;bousier
Resp_2017_008;sauterelle
Resp_2017_008;grillon
Resp_2017_008;criquet
Resp_2017_008;libellule
Resp_2017_008;mante religieuse
Resp_2017_008;limace
Resp_2017_008;escargot
Resp_2017_008;millepattes
Resp_2017_008;blatte
Resp_2017_008;cafard
Resp_2017_008;cloporte
Resp_2017_008;vers de terre
Resp_2017_008;vers luisant
Resp_2017_008;vermisseau
Resp_2017_008;papillon
Resp_2017_008;chenille
Resp_2017_009;cloporte
Resp_2017_009;mante religieuse
Resp_2017_009;cousin
Resp_2017_009;moustique
Resp_2017_009;mite
Resp_2017_009;mouche
Resp_2017_009;araignee
Resp_2017_009;chenille
Resp_2017_009;vers de terre
Resp_2017_009;blatte
Resp_2017_009;cafard
Resp_2017_009;fourmi
Resp_2017_009;papillon
Resp_2017_009;libellule
Resp_2017_010;coccinelle
Resp_2017_010;cafard
Resp_2017_010;coleoptere
Resp_2017_010;fourmi
Resp_2017_010;araignee
Resp_2017_010;mouche
Resp_2017_010;guepe
Resp_2017_010;frelon
Resp_2017_010;abeille
Resp_2017_011;tarentule
Resp_2017_011;blatte
Resp_2017_011;mouche
Resp_2017_011;mante religieuse
Resp_2017_011;libellule
Resp_2017_011;cafard
Resp_2017_011;scarabee
Resp_2017_011;coleoptere
Resp_2017_011;abeille
Resp_2017_011;frelon
Resp_2017_011;guepe
Resp_2017_011;moustique
Resp_2017_011;mouche tse tse
Resp_2017_011;moustiquetigre
Resp_2017_011;veuve noire
Resp_2017_011;fourmi
Resp_2017_011;fourmi rouge
Resp_2017_011;araignee
Resp_2017_011;puce
Resp_2017_011;tique
Resp_2017_011;taon
Resp_2017_011;pou
Resp_2017_012;papillon
Resp_2017_012;coccinelle
Resp_2017_012;abeille
Resp_2017_012;fourmi
Resp_2017_012;guepe
Resp_2017_012;mouche
Resp_2017_012;frelon
Resp_2017_012;bourdon
Resp_2017_012;punaise
Resp_2017_012;phasme
Resp_2017_012;puce
Resp_2017_012;moustique
Resp_2017_012;sauterelle
Resp_2017_012;criquet
Resp_2017_013;sauterelle
Resp_2017_013;fourmi
Resp_2017_013;araignee
Resp_2017_013;coccinelle
Resp_2017_013;scarabee
Resp_2017_013;papillon
Resp_2017_013;cafard
Resp_2017_013;blatte
Resp_2017_013;abeille
Resp_2017_013;bourdon
Resp_2017_014;fourmi
Resp_2017_014;sauterelle
Resp_2017_014;punaise
Resp_2017_014;cafard
Resp_2017_014;pou
Resp_2017_014;araignee
Resp_2017_014;moustique
Resp_2017_014;scarabee
Resp_2017_015;scarabee
Resp_2017_015;abeille
Resp_2017_015;guepe
Resp_2017_015;papillon
Resp_2017_015;mante religieuse
Resp_2017_015;pince oreille
Resp_2017_015;fourmi
Resp_2017_015;mouche
Resp_2017_015;frelon
Resp_2017_015;cafard
Resp_2017_015;araignee
Resp_2017_015;termite
Resp_2017_015;vers de terre
Resp_2017_015;scorpion
Resp_2017_015;fourmi volante
Resp_2017_015;millepattes
Resp_2017_015;faucheuse
Resp_2017_015;libellule
Resp_2017_015;moucheron
Resp_2017_015;blatte
Resp_2017_015;moustique
Resp_2017_016;cafard
Resp_2017_016;scarabee
Resp_2017_016;blatte
Resp_2017_016;scorpion
Resp_2017_016;moustique
Resp_2017_016;mouche
Resp_2017_016;libellule
Resp_2017_016;guepe
Resp_2017_016;abeille
Resp_2017_016;taon
Resp_2017_016;cousin
Resp_2017_016;frelon
Resp_2017_016;cigale
Resp_2017_016;grillon
Resp_2017_016;mante religieuse
Resp_2017_016;bourdon
Resp_2017_016;sauterelle
Resp_2017_016;coccinelle
Resp_2017_017;bourdon
Resp_2017_017;abeille
Resp_2017_017;mante religieuse
Resp_2017_017;moustique
Resp_2017_017;coccinelle
Resp_2017_017;fourmi
Resp_2017_017;guepe
Resp_2017_017;mouche
Resp_2017_017;cafard
Resp_2017_017;scarabee
Resp_2017_017;papillon
Resp_2017_017;frelon
Resp_2017_017;moucheron
Resp_2017_017;gendarme
Resp_2017_017;blatte
Resp_2017_018;fourmi
Resp_2017_018;guepe
Resp_2017_018;abeille
Resp_2017_018;cafard
Resp_2017_018;papillon
Resp_2017_018;bourdon
Resp_2017_018;punaise
Resp_2017_018;scarabee
Resp_2017_018;moustique
Resp_2017_018;cousin
Resp_2017_018;mouche
Resp_2017_018;moucheron
Resp_2017_018;libellule
Resp_2017_018;blatte
Resp_2017_018;puce
Resp_2017_018;pou
Resp_2017_018;morpion
Resp_2017_018;punaise de lit
Resp_2017_018;acarien
Resp_2017_019;fourmi
Resp_2017_019;guepe
Resp_2017_019;abeille
Resp_2017_019;mouche
Resp_2017_019;moustique
Resp_2017_019;mante religieuse
Resp_2017_019;araignee
Resp_2017_019;tique
Resp_2017_019;limace
Resp_2017_019;escargot
Resp_2017_019;libellule
Resp_2017_019;cloporte
Resp_2017_019;coccinelle
Resp_2017_019;papillon de nuit
Resp_2017_019;sauterelle
Resp_2017_019;grillon
Resp_2017_019;millepattes
Resp_2017_019;vers de terre
Resp_2017_020;fourmi
Resp_2017_020;sauterelle
Resp_2017_020;mante religieuse
Resp_2017_020;scarabee
Resp_2017_020;abeille
Resp_2017_020;mouche
Resp_2017_020;moucheron
Resp_2017_020;limace
Resp_2017_020;moustique
Resp_2017_020;cousin
Resp_2017_020;araignee
Resp_2017_020;araignee eau
Resp_2017_020;taon
Resp_2017_020;millepattes
Resp_2017_020;gendarme
Resp_2017_020;puceron
Resp_2017_020;puce
Resp_2017_020;tique
Resp_2017_020;coleoptere
Resp_2017_020;chenille
Resp_2017_020;punaise
Resp_2017_020;punaise de lit
Resp_2017_020;grillon
Resp_2017_020;criquet
Resp_2017_021;cafard
Resp_2017_021;coccinelle
Resp_2017_021;sauterelle
Resp_2017_021;pince oreille
Resp_2017_021;fourmi
Resp_2017_021;cigale
Resp_2017_021;guepe
Resp_2017_022;scarabee
Resp_2017_022;chenille
Resp_2017_022;abeille
Resp_2017_022;guepe
Resp_2017_022;bourdon
Resp_2017_022;gendarme
Resp_2017_022;fourmi
Resp_2017_022;moucheron
Resp_2017_022;mouche
Resp_2017_022;moustique
Resp_2017_022;mante religieuse
Resp_2017_022;coccinelle
Resp_2017_022;phasme
Resp_2017_022;bousier
Resp_2017_022;araignee
Resp_2017_022;papillon
Resp_2017_022;puce
Resp_2017_022;pou
Resp_2017_022;millepattes
Resp_2017_022;vers de terre
Resp_2017_022;libellule
Resp_2017_022;sauterelle
Resp_2017_023;araignee
Resp_2017_023;moustique
Resp_2017_023;millepattes
Resp_2017_023;vers de farine
Resp_2017_023;grillon
Resp_2017_023;sauterelle
Resp_2017_023;mante religieuse
Resp_2017_023;scarabee
Resp_2017_023;coccinelle
Resp_2017_023;mouche
Resp_2017_023;libellule
Resp_2017_023;fourmi
Resp_2017_023;guepe
Resp_2017_023;frelon
Resp_2017_023;abeille
Resp_2017_023;tique
Resp_2017_023;puce
Resp_2017_023;punaise de lit
Resp_2017_023;phasme
Resp_2017_023;asticot
Resp_2017_023;mygale
Resp_2017_023;cousin
Resp_2017_023;papillon
Resp_2017_023;chenille
Resp_2017_024;termite
Resp_2017_024;criquet
Resp_2017_024;libellule
Resp_2017_024;cafard
Resp_2017_024;millepattes
Resp_2017_024;papillon
Resp_2017_024;araignee
Resp_2017_024;scorpion
Resp_2017_024;chenille
Resp_2017_024;abeille
Resp_2017_024;guepe
Resp_2017_024;mygale
Resp_2017_024;mouche
Resp_2017_024;moustique
Resp_2017_024;fourmi
Resp_2017_025;fourmi
Resp_2017_025;termite
Resp_2017_025;punaise
Resp_2017_025;cafard
Resp_2017_025;coccinelle
Resp_2017_025;papillon
Resp_2017_025;limace
Resp_2017_025;chenille
Resp_2017_025;mouche
Resp_2017_025;moucheron
Resp_2017_025;abeille
Resp_2017_026;cafard
Resp_2017_026;blatte
Resp_2017_026;fourmi
Resp_2017_026;sauterelle
Resp_2017_026;libellule
Resp_2017_026;coccinelle
Resp_2017_026;vers de terre
Resp_2017_026;mante religieuse
Resp_2017_026;phasme
Resp_2017_026;pou
Resp_2017_026;acarien
Resp_2017_026;tique
Resp_2017_026;gendarme
Resp_2017_026;termite
Resp_2017_026;papillon
Resp_2017_026;araignee
Resp_2017_026;mygale
Resp_2017_027;cafard
Resp_2017_027;fourmi
Resp_2017_027;moustique
Resp_2017_027;araignee
Resp_2017_027;libellule
Resp_2017_027;sauterelle
Resp_2017_027;papillon
Resp_2017_027;scorpion
Resp_2017_027;chenille
Resp_2017_027;coccinelle
Resp_2017_027;mouche
Resp_2017_027;gendarme
Resp_2017_027;criquet
Resp_2017_027;scarabee
Resp_2017_028;fourmi
Resp_2017_028;abeille
Resp_2017_028;phasme
Resp_2017_028;araignee
Resp_2017_028;chenille
Resp_2017_028;millepattes
Resp_2017_028;mouche
Resp_2017_029;moustique
Resp_2017_029;fourmi
Resp_2017_029;abeille
Resp_2017_029;lezard
Resp_2017_029;limace
Resp_2017_029;coccinelle
Resp_2017_029;gendarme
Resp_2017_029;araignee
Resp_2017_030;papillon
Resp_2017_030;moustique
Resp_2017_030;mouche
Resp_2017_030;araignee
Resp_2017_030;abeille
Resp_2017_030;gendarme
Resp_2017_030;fourmi
Resp_2017_031;mouche
Resp_2017_031;araignee
Resp_2017_031;millepattes
Resp_2017_031;abeille
Resp_2017_031;sauterelle
Resp_2017_032;cigale
Resp_2017_032;papillon
Resp_2017_032;libellule
Resp_2017_032;cafard
Resp_2017_032;araignee
Resp_2017_032;vers de terre
Resp_2017_032;luciole
Resp_2017_032;coccinelle
Resp_2017_032;moustique
Resp_2017_033;abeille
Resp_2017_033;mouche
Resp_2017_033;moustique
Resp_2017_033;papillon
Resp_2017_033;sauterelle
Resp_2017_033;bourdon
Resp_2017_033;coccinelle
Resp_2017_034;guepe
Resp_2017_034;scarabee
Resp_2017_034;fourmi
Resp_2017_034;mante religieuse
Resp_2017_034;sauterelle
Resp_2017_034;coccinelle
Resp_2017_034;punaise
Resp_2017_034;abeille
Resp_2017_034;bourdon
Resp_2017_034;taon
Resp_2017_034;araignee
Resp_2017_034;papillon
Resp_2017_035;cafard
Resp_2017_035;abeille
Resp_2017_035;sauterelle
Resp_2017_035;libellule
Resp_2017_035;fourmi
Resp_2017_035;scarabee
Resp_2017_035;moucheron
Resp_2017_036;fourmi
Resp_2017_036;coccinelle
Resp_2017_036;abeille
Resp_2017_036;mante religieuse
Resp_2017_036;guepe
Resp_2017_036;araignee
Resp_2017_037;cafard
Resp_2017_037;tique
Resp_2017_037;abeille
Resp_2017_037;larves
Resp_2017_037;guepe
Resp_2017_037;araignee
Resp_2017_038;cloporte
Resp_2017_038;mouche bleue
Resp_2017_038;pou
Resp_2017_038;abeille
Resp_2017_038;guepe
Resp_2017_038;araignee
Resp_2017_039;tique
Resp_2017_039;coccinelle
Resp_2017_039;fourmi
Resp_2017_039;mouche
Resp_2017_039;grillon
Resp_2017_039;punaise de lit
Resp_2017_040;fourmi
Resp_2017_040;papillon
Resp_2017_040;abeille
Resp_2017_040;mante religieuse
Resp_2017_040;guepe
Resp_2017_040;araignee
