Nom_Vernac;Nom_Vernac_Norm;Nom_Franc_Norm;Nom_Sc_Norm;Famille;Sous-Famille
Bachuellé;Bachuellé;Vervet;Cercopithecus aethiops;Cercopithecidae;Cercopithecinae
Badala;Badala;Indet01;Indet01;ukn;ukn
Bagalan;Bagalan;Colobe à manteau blanc;Colobus guereza;Cercopithecidae;Colobinae
Bagalav;bagalav;Eland de derby;Tragelaphus (Taurotragus) derbianus;Bovidae;Bovinae
Bagalérou;Bagalérou;Colobe à manteau blanc;Colobus guereza;Cercopithecidae;Colobinae
Bagoum;Bagoum;Babouin doguera;Papio anubis;Cercopithecidae;Cercopithecinae
Baidan mapoui;Baidan mapoui;Colobe à manteau blanc;Colobus guereza;Cercopithecidae;Colobinae
Baidan matabai;Baidan matabai;Babouin doguera;Papio anubis;Cercopithecidae;Cercopithecinae
Baidan medjoin;Baidan medjoin;Patas;Cercopithecus patas;Cercopithecidae;Cercopithecinae
Baiguima;Baiguima;Galago du Sénégal;Galago senegalensis;Galagidae;Galaginae
Bal;Bal;Cob de buffon;Kobus kob kob;Bovidae;Reduncinae
Balalav;Balalav;Hippotrague;Hippotragus equinus;Bovidae;Hippotraginae
Balgam;Balgam;Lion;Panthera leos;Felidae;Pantherinae
Ball;Bal;Cob de buffon;Kobus kob kob;Bovidae;Reduncinae
Balla;Balla;Cob de buffon;Kobus kob kob;Bovidae;Reduncinae
Ballé;Ballé;Eléphant;Loxodonta africana;Elephantidae;Elephantinae
Ban;Bang;Céphalophe à flanc roux;Cephalophus rufilatus;Bovidae;Cephalophinae
Bang;Bang;Céphalophe à flanc roux;Cephalophus rufilatus;Bovidae;Cephalophinae
Bangouréi;Bangouréi;Vervet;Cercopithecus aethiops;Cercopithecidae;Cercopithecinae
baranga;baranga;Colobe à manteau blanc;Colobus guereza;Cercopithecidae;Colobinae
Bavah;Bavah;Buffle;Syncerus caffer aequinoctialis;Bovidae;Bovinae
Baw;Baw;Hippotrague;Hippotragus equinus;Bovidae;Hippotraginae
Ba?ba?ma;baybayma;Anomalure nain;Anomalurus pusillus;Anomaluridae;Anomalurinae
Beckné;Beckné;Eléphant;Loxodonta africana;Elephantidae;Elephantinae
Beguéné;Beguéné;Eléphant;Loxodonta africana;Elephantidae;Elephantinae
Behlé;Behlé_Goussom;Phacochère;Phacochoerus africanus;Suidae;Suinae
Bellé;Bellé;Panthère;Pamthera pardus;Felidae;Pantherinae
Berderé;Berderé;Indet18;Indet18;ukn;ukn
Beureu;Beureu;Phacochère;Phacochoerus africanus;Suidae;Suinae
Bidak;Bidak;Eléphant;Loxodonta africana;Elephantidae;Elephantinae
Biga;Biga;Lycaon;Lycaons pictus;Canidae;Caninae
Bil;Bil;Bubale;Alcelaphus buselaphus major;Bovidae;Alcelaphinae
Bil vil;Bil vil;Damalisque;Damaliscus lunatus korringum;Bovidae;Alcelaphinae
Biltouki;Biltouki;Phacochère;Phacochoerus africanus;Suidae;Suinae
Bio;bio;Céphalophe de grimm;Cephalophus grimmia;Bovidae;Cephalophinae
Bissi;bissi;Céphalophe de grimm;Cephalophus grimmia;Bovidae;Cephalophinae
Boboroa;Boboroa;Ourebi;Ourebia ourebi;Bovidae;Antilopinae
Bodgonra;bodgonra;Eland de derby;Tragelaphus (Taurotragus) derbianus;Bovidae;Bovinae
Bodjel;Bojel;Lièvre;Lepus crawshayi;Leporidae;Leporinae
Bohsenwa;buzunga;Oryctérope;Orycteropus afer;Orycteropodidae;Orycteropodinae
Bohwa;Bohwa;Céphalophe à flanc roux;Cephalophus rufilatus;Bovidae;Cephalophinae
Bojel;Bojel;Lièvre;Lepus crawshayi;Leporidae;Leporinae
Boli;Boli;Chacal à flancs rayés;Canis adustus;Canidae;Caninae
Bolou;Bolou;Hyène;Crocuta crocuta;Hyaenidae;Hyaeninae
Bomdogué;Bomdogué;Oryctérope;Orycteropus afer;Orycteropodidae;Orycteropodinae
Bondock;Bondock;Indet10;Indet10;ukn;ukn
Booda;booda;Sitatunga;Tragalaphus spekei;Bovidae;Bovinae
Book;Book;Guib harnaché;Tragelaphus scriptus;Bovidae;Bovinae
Boowa;Bohwa;Céphalophe à flanc roux;Cephalophus rufilatus;Bovidae;Cephalophinae
Boreya;kpo'riya;Bubale;Alcelaphus buselaphus major;Bovidae;Alcelaphinae
Bouda;bouda;Vervet;Cercopithecus aethiops;Cercopithecidae;Cercopithecinae
Boudou;boudou;Vervet;Cercopithecus aethiops;Cercopithecidae;Cercopithecinae
Bouhol;Bouhol;Ourebi;Ourebia ourebi;Bovidae;Antilopinae
Briah;Briah;Patas;Cercopithecus patas;Cercopithecidae;Cercopithecinae
b'ukka;b'ukka;Cob de buffon;Kobus kob kob;Bovidae;Reduncinae
Chaké;Chaké;Babouin doguera;Papio anubis;Cercopithecidae;Cercopithecinae
Choukna;choukna;Rat;Rattus sp.;Muridae;Murinae
Coba;Cohba;Hippotrague;Hippotragus equinus;Bovidae;Hippotraginae
Cocoya;cocoya;Panthère;Pamthera pardus;Felidae;Pantherinae
Cohba;Cohba;Hippotrague;Hippotragus equinus;Bovidae;Hippotraginae
Comola;Comola;Bubale;Alcelaphus buselaphus major;Bovidae;Alcelaphinae
Cooba;Cohba;Hippotrague;Hippotragus equinus;Bovidae;Hippotraginae
Dahrodji;Dahrodji;Indet12;Indet12;ukn;ukn
Dal;Dal;Hippotrague;Hippotragus equinus;Bovidae;Hippotraginae
Dall;Dal;Hippotrague;Hippotragus equinus;Bovidae;Hippotraginae
Dalli;dalli;Vervet;Cercopithecus aethiops;Cercopithecidae;Cercopithecinae
Dam;Dam;Ecureuil de terre;Euxerus erythropus;Sciuridae;Xerinae
Dang;Dang;Ecureuil de terre;Euxerus erythropus;Sciuridae;Xerinae
Dem;Dem;Porc-épic;Hystrix cristata;Hystricidae;Hystricinae
Derlingué;Derlingué;Lion;Panthera leos;Felidae;Pantherinae
Deugeu;Deugeu;Patas;Cercopithecus patas;Cercopithecidae;Cercopithecinae
Deugué;Deugeu;Patas;Cercopithecus patas;Cercopithecidae;Cercopithecinae
Deugueuh;Deugeu;Patas;Cercopithecus patas;Cercopithecidae;Cercopithecinae
Deweda;deweda;Redunca de montagne;Redunca fulvorufula;Bovidae;Reduncinae
Didir;Didir;Porc-épic;Hystrix cristata;Hystricidae;Hystricinae
Diguir;Diguir;Céphalophe de grimm;Cephalophus grimmia;Bovidae;Cephalophinae
Diir;diir;Rat;Rattus sp.;Muridae;Murinae
Dila;dila;Lion;Panthera leos;Felidae;Pantherinae
Dinbick;Dinbick;Porc-épic;Hystrix cristata;Hystricidae;Hystricinae
Djabaré;Djabaré;Ourebi;Ourebia ourebi;Bovidae;Antilopinae
Djamacirga;Djamma sirga;Guib harnaché;Tragelaphus scriptus;Bovidae;Bovinae
Djamma sirga;Djamma sirga;Guib harnaché;Tragelaphus scriptus;Bovidae;Bovinae
Djammasirga;Djammasirga;Guib harnaché;Tragelaphus scriptus;Bovidae;Bovinae
Djangaldena;djangaldena;Chacal à flancs rayés;Canis adustus;Canidae;Caninae
Djillarou;Djillarou;Guepard;Acinonyx jubatus;Felidae;Felinae
Djirdarou;Djirdarou;Vervet;Cercopithecus aethiops;Cercopithecidae;Cercopithecinae
Djirdou;Djirdou;Rat palmiste;Cricetomys gambianus;Nesomyidae;Cricetomyinae
Djiré;Djiré;Ecureuil de terre;Euxerus erythropus;Sciuridae;Xerinae
Dobourou waila;Dobourou waila;Rat palmiste;Cricetomys gambianus;Nesomyidae;Cricetomyinae
Dogomo;Dogomo;Girafe;Giraffa camelopardalis;Giraffidae;Giraffinae
Dogou;Dogou;Buffle;Syncerus caffer aequinoctialis;Bovidae;Bovinae
Dohém;Dohém;Lycaon;Lycaons pictus;Canidae;Caninae
Doheum;Dohém;Lycaon;Lycaons pictus;Canidae;Caninae
Doldoldé;Doldoldé;Lycaon;Lycaons pictus;Canidae;Caninae
Domo;domo;Lièvre;Lepus crawshayi;Leporidae;Leporinae
Dondel;Dondel;Indet15;Indet15;ukn;ukn
dõoka;dõoka;Civette;Civettictis civetta;Viverridae;Viverrinae
Dôp;dop;Cob de fassa;Kobus ellipsiprymnus onctuosus;Bovidae;Reduncinae
Doucka;Duka;Guib harnaché;Tragelaphus scriptus;Bovidae;Bovinae
Dougvara;dougvara;Céphalophe à flanc roux;Cephalophus rufilatus;Bovidae;Cephalophinae
Doukga;Duka;Guib harnaché;Tragelaphus scriptus;Bovidae;Bovinae
Doul;Doul;Céphalophe de grimm;Cephalophus grimmia;Bovidae;Cephalophinae
Doumsa;Dumsa;Cob de fassa;Kobus ellipsiprymnus onctuosus;Bovidae;Reduncinae
Dourou;dourou;Babouin doguera;Papio anubis;Cercopithecidae;Cercopithecinae
Dovocom;Dovocom;Aulacode;Tryonomys swinderianus;Thryonomyidae;Thryonomyinae
Dugu;Dugu;Cob de fassa;Kobus ellipsiprymnus onctuosus;Bovidae;Reduncinae
Dumsa;Dumsa;Cob de fassa;Kobus ellipsiprymnus onctuosus;Bovidae;Reduncinae
Faourou;Faourou;Hyène;Crocuta crocuta;Hyaenidae;Hyaeninae
Foro;foro;Eléphant;Loxodonta africana;Elephantidae;Elephantinae
Fouhnda;fouhnda;Buffle;Syncerus caffer aequinoctialis;Bovidae;Bovinae
Fo'uru;Faourou;Hyène;Crocuta crocuta;Hyaenidae;Hyaeninae
Furkuzi;Furkuzi;Hyène;Crocuta crocuta;Hyaenidae;Hyaeninae
Gaafia;Gaafia;Rat palmiste;Cricetomys gambianus;Nesomyidae;Cricetomyinae
Gabbou;Gabbou;Hippopotame;Hippopotamus amphibius;Hippopotamidae;Hippopotaminae
Gack;Gack;Ecureuil de terre;Euxerus erythropus;Sciuridae;Xerinae
Gadourou laddé;Gaduru laddé;Phacochère;Phacochoerus africanus;Suidae;Suinae
Gaduru laddé;Gaduru laddé;Phacochère;Phacochoerus africanus;Suidae;Suinae
Gaffia;Gaffia;Civette;Civettictis civetta;Viverridae;Viverrinae
Gandaka;Gandaka;Rhinocéros;Diceros bicornis;Rhinocerotidae;Rhinocerotinae
Gangare;Gangare;Rapace sp.;Rapace sp.;Aves;Aves
Gansia;Gansia;Redunca de montagne;Redunca fulvorufula;Bovidae;Reduncinae
Gariama;Gariama;Hippopotame;Hippopotamus amphibius;Hippopotamidae;Hippopotaminae
Gazagat;Gazagat;Rat rayé;Lemniscomys striatus;Muridae;Murinae
Gbackwa;gbagawa;Céphalophe de grimm;Cephalophus grimmia;Bovidae;Cephalophinae
Gbada;gbada;Babouin doguera;Papio anubis;Cercopithecidae;Cercopithecinae
Gbadi baledjé;Gbadi baledjoum;Babouin doguera;Papio anubis;Cercopithecidae;Cercopithecinae
Gbadi baledjoum;Gbadi baledjoum;Babouin doguera;Papio anubis;Cercopithecidae;Cercopithecinae
Gbadi bodédji;Gbadi bodédji;Patas;Cercopithecus patas;Cercopithecidae;Cercopithecinae
Gbagalang;Bagalan;Colobe à manteau blanc;Colobus guereza;Cercopithecidae;Colobinae
Gbagawa;gbagawa;Céphalophe de grimm;Cephalophus grimmia;Bovidae;Cephalophinae
gbakka;gbakka;Céphalophe de grimm;Cephalophus grimmia;Bovidae;Cephalophinae
Gbalang;Bagalan;Colobe à manteau blanc;Colobus guereza;Cercopithecidae;Colobinae
Gbao_m;gbao_m;Céphalophe à flanc roux;Cephalophus rufilatus;Bovidae;Cephalophinae
Gbao_t;gbao_t;Hippotrague;Hippotragus equinus;Bovidae;Hippotraginae
Gbatir;Gbatir;Ecureuil de terre;Euxerus erythropus;Sciuridae;Xerinae
Gbatoro;gbatoro;Bubale;Alcelaphus buselaphus major;Bovidae;Alcelaphinae
Gbayda;gbayda;Rhinocéros;Diceros bicornis;Rhinocerotidae;Rhinocerotinae
Gbéllé;gbelle;Panthère;Pamthera pardus;Felidae;Pantherinae
Gbiacka;gbiacka;Renard pâle;Vulpes palida;Canidae;Caninae
Gbill;Bil;Bubale;Alcelaphus buselaphus major;Bovidae;Alcelaphinae
Gbinté;gbinte;Eland de derby;Tragelaphus (Taurotragus) derbianus;Bovidae;Bovinae
Gbogui;Gbogui;Babouin doguera;Papio anubis;Cercopithecidae;Cercopithecinae
Gboullé;Gboullé;Lion;Panthera leos;Felidae;Pantherinae
Gbowa;Bohwa;Céphalophe à flanc roux;Cephalophus rufilatus;Bovidae;Cephalophinae
Ghakiri;Civette;Civette;Civettictis civetta;Viverridae;Viverrinae
gilla;gilla;Hyène;Crocuta crocuta;Hyaenidae;Hyaeninae
gillarou;gillarou;Chacal à flancs rayés;Canis adustus;Canidae;Caninae
Gip;Gip;Daman des rochers;Procavia capensis;Procaviidae;Procaviinae
Glacki;Gilaki;Patas;Cercopithecus patas;Cercopithecidae;Cercopithecinae
Glaki;Gilaki;Patas;Cercopithecus patas;Cercopithecidae;Cercopithecinae
Gniwa;Gniwa;Eléphant;Loxodonta africana;Elephantidae;Elephantinae
Gock;Gock;Chacal à flancs rayés;Canis adustus;Canidae;Caninae
Gong;Gong;Bubale;Alcelaphus buselaphus major;Bovidae;Alcelaphinae
Gongyoum;gongyoum;Cob de fassa;Kobus ellipsiprymnus onctuosus;Bovidae;Reduncinae
Gooni;gooni;Hyène;Crocuta crocuta;Hyaenidae;Hyaeninae
Gorne?da;gorneyda;Hyène;Crocuta crocuta;Hyaenidae;Hyaeninae
Goudor;Goudor;Aulacode;Tryonomys swinderianus;Thryonomyidae;Thryonomyinae
Goulougui;Goulougui;Cob de fassa;Kobus ellipsiprymnus onctuosus;Bovidae;Reduncinae
Goummah;goummah;Souris;Mus musculus;Muridae;Murinae
Goussom;Behlé_Goussom;Phacochère;Phacochoerus africanus;Suidae;Suinae
Gpowa;Bohwa;Céphalophe à flanc roux;Cephalophus rufilatus;Bovidae;Cephalophinae
Guelet;Guelet;Indet03;Indet03;ukn;ukn
Guilaki;Gilaki;Patas;Cercopithecus patas;Cercopithecidae;Cercopithecinae
Gwanna;gwanna;Panthère;Pamthera pardus;Felidae;Pantherinae
Habou;Habou;Céphalophe à flanc roux;Cephalophus rufilatus;Bovidae;Cephalophinae
Hadagekemé;Hadagekemé;cob de roseau;Redunca redunca;Bovidae;Reduncinae
Hagwon;hagwon;Funisciure à pattes rousses;Funisciurus pyrropus;Sciuridae;Xerinae
Hamfourdé;Hamfourdé;Céphalophe de grimm;Cephalophus grimmia;Bovidae;Cephalophinae
Hangaré;Hangaré;Céphalophe de grimm;Cephalophus grimmia;Bovidae;Cephalophinae
Haphitné;Haphitné;Phacochère;Phacochoerus africanus;Suidae;Suinae
Heum;Heum;Lièvre;Lepus crawshayi;Leporidae;Leporinae
Hillarou;gillarou;Chacal à flancs rayés;Canis adustus;Canidae;Caninae
Houlon;Houlon;Civette;Civettictis civetta;Viverridae;Viverrinae
Houpat;Houpat;Daman des rochers;Procavia capensis;Procaviidae;Procaviinae
Iya;Iya;Porc-épic;Hystrix cristata;Hystricidae;Hystricinae
Jeré;Jeré;Ecureuil de terre;Euxerus erythropus;Sciuridae;Xerinae
Jongoye;Jongoye;Lion;Panthera leos;Felidae;Pantherinae
Jouhol;Civette;Civette;Civettictis civetta;Viverridae;Viverrinae
Kã'ã;Kã'ã;Galago du Sénégal;Galago senegalensis;Galagidae;Galaginae
Kaama;kaama;Rat;Rattus sp.;Muridae;Murinae
Kakadav;Kakadav;Vervet;Cercopithecus aethiops;Cercopithecidae;Cercopithecinae
Kalamba;kalamba;cob de roseau;Redunca redunca;Bovidae;Reduncinae
kamma;kamma;Ourebi;Ourebia ourebi;Bovidae;Antilopinae
Kapao;kapao;Céphalophe de grimm;Cephalophus grimmia;Bovidae;Cephalophinae
Katalmai;Katalmai;Colobe à manteau blanc;Colobus guereza;Cercopithecidae;Colobinae
Kaya;kaya;Hippotrague;Hippotragus equinus;Bovidae;Hippotraginae
Kelengwa / luindu;Kelengwa / luindu;Bubale;Alcelaphus buselaphus major;Bovidae;Alcelaphinae
Kendii;kendii;Colobe à manteau blanc;Colobus guereza;Cercopithecidae;Colobinae
Keng;Keng;Vervet;Cercopithecus aethiops;Cercopithecidae;Cercopithecinae
Kéré;kere;Hippopotame;Hippopotamus amphibius;Hippopotamidae;Hippopotaminae
Kérenwa;Kirenwa;Bubale;Alcelaphus buselaphus major;Bovidae;Alcelaphinae
Kerwa;Kerwa;Girafe;Giraffa camelopardalis;Giraffidae;Giraffinae
Keuil;Queil;Lion;Panthera leos;Felidae;Pantherinae
Keureu;Keureu;Eléphant;Loxodonta africana;Elephantidae;Elephantinae
keuya;keuya;Lion;Panthera leos;Felidae;Pantherinae
Kézaga;kezaga;Rat rayé;Lemniscomys striatus;Muridae;Murinae
Kianwa'a;kianwaa;Vervet;Cercopithecus aethiops;Cercopithecidae;Cercopithecinae
Kilifori;Killiforé;Rhinocéros;Diceros bicornis;Rhinocerotidae;Rhinocerotinae
Killiforé;Killiforé;Rhinocéros;Diceros bicornis;Rhinocerotidae;Rhinocerotinae
Kirda?da;kirdayda;Rat rayé;Lemniscomys striatus;Muridae;Murinae
Kiré;Kiré;Hippopotame;Hippopotamus amphibius;Hippopotamidae;Hippopotaminae
Kirenwa;Kirenwa;Bubale;Alcelaphus buselaphus major;Bovidae;Alcelaphinae
Kirtché;Kirtché;cob de roseau;Redunca redunca;Bovidae;Reduncinae
Kitvara;Kitvara;Chacal à flancs rayés;Canis adustus;Canidae;Caninae
Kodé;kode;Cob de buffon;Kobus kob kob;Bovidae;Reduncinae
Kohomb;Kohomb;Funisciure à pattes rousses;Funisciurus pyrropus;Sciuridae;Xerinae
konna;konna;Lièvre;Lepus crawshayi;Leporidae;Leporinae
Korotogui;Korotogui;Zèbre;Equus quagga;Equidae;Equinae
Kosson;kosson;Phacochère;Phacochoerus africanus;Suidae;Suinae
Kourznat;Kourznat;Girafe;Giraffa camelopardalis;Giraffidae;Giraffinae
Kouvar;Kouvar;Buffle;Syncerus caffer aequinoctialis;Bovidae;Bovinae
Koyack;koyack;Panthère;Pamthera pardus;Felidae;Pantherinae
kpo'riya;kpo'riya;Bubale;Alcelaphus buselaphus major;Bovidae;Alcelaphinae
Kuul;Kuul;cob de roseau;Redunca redunca;Bovidae;Reduncinae
Lankuf;Lankuf;Babouin doguera;Papio anubis;Cercopithecidae;Cercopithecinae
lekka;lekka;Eland de derby;Tragelaphus (Taurotragus) derbianus;Bovidae;Bovinae
Lelwa;Lelwa;Redunca_Colobe à manteau blanc;Eudorcas rufifrons;Bovidae;Antilopinae
Leshvara;leshvara;Buffle;Syncerus caffer aequinoctialis;Bovidae;Bovinae
Liack;Liack;Eland de derby;Tragelaphus (Taurotragus) derbianus;Bovidae;Bovinae
Lida;lida;Girafe;Giraffa camelopardalis;Giraffidae;Giraffinae
Lohov;lohov;Babouin doguera;Papio anubis;Cercopithecidae;Cercopithecinae
Lokov;lokov;Indét_Mf01;Indét_Mf01;ukn;ukn
Loum;loum;Lion;Panthera leos;Felidae;Pantherinae
Magama laddé;Magama laddé;Civette;Civettictis civetta;Viverridae;Viverrinae
Maganirou;Maganirou;Phacochère;Phacochoerus africanus;Suidae;Suinae
Mahli hoppo;Mahli hoppo;Patas;Cercopithecus patas;Cercopithecidae;Cercopithecinae
Mahli wilo;Mahli wilo;Babouin doguera;Papio anubis;Cercopithecidae;Cercopithecinae
Mal;Mal;Civette_Genette_Mangouste;Viverridae_ Herpestidae;Viverridae;Viverrinae
Malhoubaye;Malhoubaye;Aulacode;Tryonomys swinderianus;Thryonomyidae;Thryonomyinae
malla;malla;Eléphant;Loxodonta africana;Elephantidae;Elephantinae
Malwa;Malwa;Chacal à flancs rayés;Canis adustus;Canidae;Caninae
Malzal;malzal;Mangouste;Herpestes sp.;Herpestidae;Herpestinae
Malziack;malziack;Mangouste à long museau;Herpestes naso;Herpestidae;Herpestinae
Mamou;mamou;Lion;Panthera leos;Felidae;Pantherinae
Manbirba;Manbirba;Girafe;Giraffa camelopardalis;Giraffidae;Giraffinae
Mandav;Mandav;Lièvre;Lepus crawshayi;Leporidae;Leporinae
Mandawa;Mandawa;Lièvre;Lepus crawshayi;Leporidae;Leporinae
Mandouang;Mandouang;Rat;Rattus sp.;Muridae;Murinae
Manfiko'o;manfikoo;Cob de fassa;Kobus ellipsiprymnus onctuosus;Bovidae;Reduncinae
Manfikou;Manfikou;Guib harnaché;Tragelaphus scriptus;Bovidae;Bovinae
Mangapa;Mangapa;Oryctérope;Orycteropus afer;Orycteropodidae;Orycteropodinae
Mangazao;Mangazao;Guib harnaché;Tragelaphus scriptus;Bovidae;Bovinae
Manié houlé;Manié houlé;Girafe;Giraffa camelopardalis;Giraffidae;Giraffinae
Manpirba;manpirba;Girafe;Giraffa camelopardalis;Giraffidae;Giraffinae
ma'pina;ma'pina;Daman des rochers;Procavia capensis;Procaviidae;Procaviinae
Marigelé;Marigelé;Panthère;Pamthera pardus;Felidae;Pantherinae
Marijélé;marijele;Lion;Panthera leos;Felidae;Pantherinae
Matakus;Matakus;Aulacode;Tryonomys swinderianus;Thryonomyidae;Thryonomyinae
Matata;Galago;Galago du Sénégal;Galago senegalensis;Galagidae;Galaginae
Mbackni;mbackni;Eléphant;Loxodonta africana;Elephantidae;Elephantinae
Mbada;Mbada;Cob de buffon;Kobus kob kob;Bovidae;Reduncinae
Mbad'a;Mbadda;Cob de buffon;Kobus kob kob;Bovidae;Reduncinae
Mbadda;Mbadda;Cob de buffon;Kobus kob kob;Bovidae;Reduncinae
Mbaka;Mbaka;Céphalophe de grimm;Cephalophus grimmia;Bovidae;Cephalophinae
Mbal;Mbal;Eléphant;Loxodonta africana;Elephantidae;Elephantinae
Mballi;Mbal;Eléphant;Loxodonta africana;Elephantidae;Elephantinae
Mbana;Mbana;Buffle;Syncerus caffer aequinoctialis;Bovidae;Bovinae
Mbang;mbang;Hippotrague;Hippotragus equinus;Bovidae;Hippotraginae
Mbanna;Mbana;Buffle;Syncerus caffer aequinoctialis;Bovidae;Bovinae
Mbaroga;Mbaroga;Lion;Panthera leos;Felidae;Pantherinae
Mba?dang;mbaydang;Patas;Cercopithecus patas;Cercopithecidae;Cercopithecinae
Mbéhock;mbehock;Redunca de montagne;Redunca fulvorufula;Bovidae;Reduncinae
Mbéré;Mbéré;Rat palmiste;Cricetomys gambianus;Nesomyidae;Cricetomyinae
Mbewa Laydé;Mbewa Laydé;Céphalophe à flanc roux;Cephalophus rufilatus;Bovidae;Cephalophinae
Mbéwa la?ndé;Mbewa Laydé;Céphalophe à flanc roux;Cephalophus rufilatus;Bovidae;Cephalophinae
Mbidack;Bidak;Eléphant;Loxodonta africana;Elephantidae;Elephantinae
Mboul;Mbul;Hyène;Crocuta crocuta;Hyaenidae;Hyaeninae
Mbourgoum;Mbourgoum;Funisciure à pattes rousses;Funisciurus pyrropus;Sciuridae;Xerinae
Mbul;Mbul;Hyène;Crocuta crocuta;Hyaenidae;Hyaeninae
Médégdé;Médégdé;Cob de buffon;Kobus kob kob;Bovidae;Reduncinae
Mééné;meene;Redunca de montagne;Redunca fulvorufula;Bovidae;Reduncinae
Ménén;menen;Redunca de montagne;Redunca fulvorufula;Bovidae;Reduncinae
Menet;Menet;Céphalophe de grimm;Cephalophus grimmia;Bovidae;Cephalophinae
Meonet;Meonet;Cob de buffon;Kobus kob kob;Bovidae;Reduncinae
Mezerep;Mezerep;Indet19;Indet19;ukn;ukn
Miguiri;Miguiri_Poui;Lion;Panthera leos;Felidae;Pantherinae
Milda;milda;Chat sauvage;Felis silvestris;Felidae;Felinae
Minguir;Miguiri_Poui;Lion;Panthera leos;Felidae;Pantherinae
Mobor;Mobor;Panthère;Pamthera pardus;Felidae;Pantherinae
Mokoy;Mokoy;Hyène;Crocuta crocuta;Hyaenidae;Hyaeninae
Mokoyel;Mokoyel;Civette_Genette_Mangouste;Viverridae_ Herpestidae;Viverridae;Viverrinae
Montso;Montso;Funisciure à pattes rousses;Funisciurus pyrropus;Sciuridae;Xerinae
Mosou;Mosou;Eland de derby;Tragelaphus (Taurotragus) derbianus;Bovidae;Bovinae
Motot;Motot;Ecureuil de terre;Euxerus erythropus;Sciuridae;Xerinae
Moucouderé;Moucouderé;Hérisson;Atelerix albiventris;Erinaceidae;Erinaceinae
Moudoua;Moudoua;Galago du Sénégal;Galago senegalensis;Galagidae;Galaginae
Mouni;mouni;Céphalophe à flanc roux;Cephalophus rufilatus;Bovidae;Cephalophinae
Mourgouma;mourgouma;Aulacode;Tryonomys swinderianus;Thryonomyidae;Thryonomyinae
Mourzina;mourzina;Lion;Panthera leos;Felidae;Pantherinae
Mu'dere;Mu'dere;Aulacode;Tryonomys swinderianus;Thryonomyidae;Thryonomyinae
Nahmi;Nahmi;Lion;Panthera leos;Felidae;Pantherinae
naksaka;naksaka;Phacochère;Phacochoerus africanus;Suidae;Suinae
nam bêee;nam bêee;Céphalophe à flanc roux;Cephalophus rufilatus;Bovidae;Cephalophinae
nam boyya;nam boyya;Guib harnaché;Tragelaphus scriptus;Bovidae;Bovinae
Namg;namg;Buffle;Syncerus caffer aequinoctialis;Bovidae;Bovinae
Namno;Namno;Eléphant;Loxodonta africana;Elephantidae;Elephantinae
Nasseu;Nasseu;Buffle;Syncerus caffer aequinoctialis;Bovidae;Bovinae
Nbodjou;Bojel;Lièvre;Lepus crawshayi;Leporidae;Leporinae
Nbol;nbol;Buffle;Syncerus caffer aequinoctialis;Bovidae;Bovinae
Ndack;Ndack;Phacochère;Phacochoerus africanus;Suidae;Suinae
Ndall;Ndack;Phacochère;Phacochoerus africanus;Suidae;Suinae
Ndarwa;Ndarwa;Damalisque;Damaliscus lunatus korringum;Bovidae;Alcelaphinae
Ndé'é;deee;Cob de fassa;Kobus ellipsiprymnus onctuosus;Bovidae;Reduncinae
Ndéguéré;Ndéguéré;Céphalophe de grimm;Cephalophus grimmia;Bovidae;Cephalophinae
Ndéhem;ndehem;Porc-épic;Hystrix cristata;Hystricidae;Hystricinae
Ndemou;ndemou;Colobe à manteau blanc;Colobus guereza;Cercopithecidae;Colobinae
Ndoumsa;Dumsa;Cob de fassa;Kobus ellipsiprymnus onctuosus;Bovidae;Reduncinae
Ngabbou;Gabbou;Hippopotame;Hippopotamus amphibius;Hippopotamidae;Hippopotaminae
Nganda;Gandaka;Rhinocéros;Diceros bicornis;Rhinocerotidae;Rhinocerotinae
Ngariamba;Gariama;Hippopotame;Hippopotamus amphibius;Hippopotamidae;Hippopotaminae
Ngaroua;Ngaroua;Rhinocéros;Diceros bicornis;Rhinocerotidae;Rhinocerotinae
Ngay;Ngaye;Céphalophe de grimm;Cephalophus grimmia;Bovidae;Cephalophinae
Ngaye;Ngaye;Céphalophe de grimm;Cephalophus grimmia;Bovidae;Cephalophinae
Ngbakwa;ngbakwa;Céphalophe de grimm;Cephalophus grimmia;Bovidae;Cephalophinae
Ngornéda;gorneyda;Hyène;Crocuta crocuta;Hyaenidae;Hyaeninae
Ngournia;Ngournia;Potamochère;Potamochoerus porcus;Suidae;Suinae
Nimini;Nimini;Antilope sp;Antilope sp;Bovidae;Antilopinae
Nionga;nionga;Porc-épic;Hystrix cristata;Hystricidae;Hystricinae
Njallou;njallou;Porc-épic;Hystrix cristata;Hystricidae;Hystricinae
Nja?n;najyn;Hippotrague;Hippotragus equinus;Bovidae;Hippotraginae
Nkay;nkay;Ourebi;Ourebia ourebi;Bovidae;Antilopinae
Nonga;nonga;Gerbille du lac tchad;Taterillus lacustris;Muridae;Gerbillinae
Ntouing;Ntuin_twi;Lièvre;Lepus crawshayi;Leporidae;Leporinae
Ntuin;Ntuin_twi;Lièvre;Lepus crawshayi;Leporidae;Leporinae
Nyari;nyariya;Chat sauvage;Felis silvestris;Felidae;Felinae
Nyiwa;Gniwa;Eléphant;Loxodonta africana;Elephantidae;Elephantinae
Nzo'hom;Zo'om;Hippopotame;Hippopotamus amphibius;Hippopotamidae;Hippopotaminae
Oldou;Oldou;Indet09;Indet09;ukn;ukn
Padala;Padala;cob de roseau;Redunca redunca;Bovidae;Reduncinae
Partataw;Partataw;Vervet;Cercopithecus aethiops;Cercopithecidae;Cercopithecinae
Patou touki;Patou touki;Civette;Civettictis civetta;Viverridae;Viverrinae
Pibi;Pibi;Porc-épic;Hystrix cristata;Hystricidae;Hystricinae
Pihbouh;Pihbouh;Colobe à manteau blanc;Colobus guereza;Cercopithecidae;Colobinae
Ping;Ping;Patas;Cercopithecus patas;Cercopithecidae;Cercopithecinae
Pinguiri;Pinguiri;Panthère;Pamthera pardus;Felidae;Pantherinae
Po'o;Po'o;Babouin doguera;Papio anubis;Cercopithecidae;Cercopithecinae
Pori;Pori;Indet20;Indet20;ukn;ukn
Pougni;Pougni;Hyène;Crocuta crocuta;Hyaenidae;Hyaeninae
Poui;Miguiri_Poui;Lion;Panthera leos;Felidae;Pantherinae
Pouin;Pougni;Hyène;Crocuta crocuta;Hyaenidae;Hyaeninae
Poupouh;Poupouh;Cob de buffon;Kobus kob kob;Bovidae;Reduncinae
Queil;Queil;Lion;Panthera leos;Felidae;Pantherinae
Raonna;raonna;Chat sauvage;Felis silvestris;Felidae;Felinae
Romo;Romo;Lièvre;Lepus crawshayi;Leporidae;Leporinae
s;s;Oryctérope;Orycteropus afer;Orycteropodidae;Orycteropodinae
Sahfadou;Sahfadou;Chacal à flancs rayés;Canis adustus;Canidae;Caninae
Sangaldé;Sangaldé;Porc-épic;Hystrix cristata;Hystricidae;Hystricinae
sãwwa;sãwwa;Hippotrague;Hippotragus equinus;Bovidae;Hippotraginae
seigna;seigna;Phacochère;Phacochoerus africanus;Suidae;Suinae
sènga;sènga;Panthère;Pamthera pardus;Felidae;Pantherinae
Serneka;serneka;Serval;Leptailurus serval;Felidae;Felinae
Shlokgna;Shlokgna;Eléphant;Loxodonta africana;Elephantidae;Elephantinae
Shlona;shlona;Lion;Panthera leos;Felidae;Pantherinae
Sii;Sii;Oryctérope;Orycteropus afer;Orycteropodidae;Orycteropodinae
Siir;Sii;Oryctérope;Orycteropus afer;Orycteropodidae;Orycteropodinae
Sio;Sio;Panthère;Pamthera pardus;Felidae;Pantherinae
Sokom sokoma;sokom sokoma;Potamochère;Potamochoerus porcus;Suidae;Suinae
Solong;Solong;Vervet;Cercopithecus aethiops;Cercopithecidae;Cercopithecinae
Stokna;Shlokgna;Eléphant;Loxodonta africana;Elephantidae;Elephantinae
Tanwa;Tanwa;Indet21;Indet21;ukn;ukn
Targa;Targa;Porc-épic;Hystrix cristata;Hystricidae;Hystricinae
targiya;targiya;Porc-épic;Hystrix cristata;Hystricidae;Hystricinae
Tchemtchémé;Tchemtchémé;Hérisson;Atelerix albiventris;Erinaceidae;Erinaceinae
Tchié;Tchié;Eland de derby;Tragelaphus (Taurotragus) derbianus;Bovidae;Bovinae
Tchindii;tchindii;Panthère;Pamthera pardus;Felidae;Pantherinae
Tchoing;Tchoing;Lièvre;Lepus crawshayi;Leporidae;Leporinae
Tchouné;Tchouné;Hérisson;Atelerix albiventris;Erinaceidae;Erinaceinae
Teké;Teké;Bubale;Alcelaphus buselaphus major;Bovidae;Alcelaphinae
Téké;Teké;Bubale;Alcelaphus buselaphus major;Bovidae;Alcelaphinae
Telwa;telwa;Girafe;Giraffa camelopardalis;Giraffidae;Giraffinae
Téra;tera;Porc-épic;Hystrix cristata;Hystricidae;Hystricinae
Tiftif;Tiftif;Céphalophe à flanc roux;Cephalophus rufilatus;Bovidae;Cephalophinae
Tikkiri;Tikkiri;Funisciure à pattes rousses;Funisciurus pyrropus;Sciuridae;Xerinae
Tinni;tinni;Hippopotame;Hippopotamus amphibius;Hippopotamidae;Hippopotaminae
Tirewa;Tiréwa;Girafe;Giraffa camelopardalis;Giraffidae;Giraffinae
Tiréwa;Tiréwa;Girafe;Giraffa camelopardalis;Giraffidae;Giraffinae
Tobi;Tobi;Lion;Panthera leos;Felidae;Pantherinae
Todo;todo;Céphalophe bleu;Cephalophus monticola;Bovidae;Cephalophinae
Tokoro;Tokoro;Indet22;Indet22;ukn;ukn
Toui;Ntuin_twi;Lièvre;Lepus crawshayi;Leporidae;Leporinae
Tovo;Tovo;Hérisson;Atelerix albiventris;Erinaceidae;Erinaceinae
Tshaye;Tshaye;Buffle;Syncerus caffer aequinoctialis;Bovidae;Bovinae
Tsianwa;Tsianwa;Indet23;Indet23;ukn;ukn
Tui;Ntuin_twi;Lièvre;Lepus crawshayi;Leporidae;Leporinae
twi ?;Ntuin_twi;Lièvre;Lepus crawshayi;Leporidae;Leporinae
Vaya;Vayya;Ecureuil de terre;Euxerus erythropus;Sciuridae;Xerinae
Vayya;Vayya;Ecureuil de terre;Euxerus erythropus;Sciuridae;Xerinae
Vedem;Vedem;Phacochère;Phacochoerus africanus;Suidae;Suinae
Vetta;vetta;Lièvre;Lepus crawshayi;Leporidae;Leporinae
Vidi;vidi;Lièvre;Lepus crawshayi;Leporidae;Leporinae
Viir;viir;Babouin doguera;Papio anubis;Cercopithecidae;Cercopithecinae
Vir;vir;Singe spp;Cercopithecus spp;Cercopithecidae;Cercopithecinae
Viri;Vrii;Patas;Cercopithecus patas;Cercopithecidae;Cercopithecinae
Viwowaye;Viwowaye;Céphalophe à flanc roux;Cephalophus rufilatus;Bovidae;Cephalophinae
Vrii;Vrii;Patas;Cercopithecus patas;Cercopithecidae;Cercopithecinae
Wadala;Wadala;Phacochère;Phacochoerus africanus;Suidae;Suinae
wallaa;wallaa;Mangouste;Herpestes sp.;Herpestidae;Herpestinae
Wandava;Wandava;Lièvre;Lepus crawshayi;Leporidae;Leporinae
Wangbal;Wangbal;Lièvre;Lepus crawshayi;Leporidae;Leporinae
wa?ba;wayba;Chacal à flancs rayés;Canis adustus;Canidae;Caninae
weee;weee;Ecureuil de terre;Euxerus erythropus;Sciuridae;Xerinae
weurkumma;weurkumma;Lycaon;Lycaons pictus;Canidae;Caninae
Yaahmusa;Yaahmusa;Eland de derby;Tragelaphus (Taurotragus) derbianus;Bovidae;Bovinae
Yahmousé;Yaahmusa;Eland de derby;Tragelaphus (Taurotragus) derbianus;Bovidae;Bovinae
yahoulla;yahoulla;caracal;Caracal caracal;Felidae;Felinae
Yamoussé;Yaahmusa;Eland de derby;Tragelaphus (Taurotragus) derbianus;Bovidae;Bovinae
yeee;yeee;Céphalophe à flanc roux;Cephalophus rufilatus;Bovidae;Cephalophinae
yom beee;yom beee;Patas;Cercopithecus patas;Cercopithecidae;Cercopithecinae
yom tiii;yom tiii;Vervet;Cercopithecus aethiops;Cercopithecidae;Cercopithecinae
Yumma;yomma;Vervet;Cercopithecus aethiops;Cercopithecidae;Cercopithecinae
zaaa;zaaa;Aulacode;Tryonomys swinderianus;Thryonomyidae;Thryonomyinae
Zàk;Zàk;Panthère;Pamthera pardus;Felidae;Pantherinae
Zal;Zal;Aulacode;Tryonomys swinderianus;Thryonomyidae;Thryonomyinae
Zall;Zal;Aulacode;Tryonomys swinderianus;Thryonomyidae;Thryonomyinae
Zambéré;zambere;Guib harnaché;Tragelaphus scriptus;Bovidae;Bovinae
Zamdéré mboudou;zamdere mboudou;Sitatunga;Tragalaphus spekei;Bovidae;Bovinae
zammiya;zammiya;Cob de fassa;Kobus ellipsiprymnus onctuosus;Bovidae;Reduncinae
zayya;zayya;Buffle;Syncerus caffer aequinoctialis;Bovidae;Bovinae
Zei;Zei;Buffle;Syncerus caffer aequinoctialis;Bovidae;Bovinae
Zinila;zinila;Panthère;Pamthera pardus;Felidae;Pantherinae
Zlogomo;Zlogomo;Girafe;Giraffa camelopardalis;Giraffidae;Giraffinae
Zlyam;Zlyam;Hippopotame;Hippopotamus amphibius;Hippopotamidae;Hippopotaminae
Zohom;Zo'om;Hippopotame;Hippopotamus amphibius;Hippopotamidae;Hippopotaminae
zonga;zonga;Babouin doguera;Papio anubis;Cercopithecidae;Cercopithecinae
Zo'om;Zo'om;Hippopotame;Hippopotamus amphibius;Hippopotamidae;Hippopotaminae
zõ'rumma;zõ'rumma;Hippopotame;Hippopotamus amphibius;Hippopotamidae;Hippopotaminae
Zouamé;Zouamé;Hippopotame;Hippopotamus amphibius;Hippopotamidae;Hippopotaminae
Zumé;Zumé;Hippopotame;Hippopotamus amphibius;Hippopotamidae;Hippopotaminae
